-- creating tables users, posts, categories, comments with predefined constraints.
-- each id is unique and not empty, default entries are defined for creation time and view count.

create table users (
	user_id SERIAL PRIMARY KEY,
	username varchar(50) UNIQUE NOT NULL,
	email varchar(50) UNIQUE NOT NULL,
	creation_date date DEFAULT NOW(),
	is_active boolean
);


create table categories(
	category_id SERIAL UNIQUE PRIMARY KEY,
	name varchar(50) UNIQUE NOT NULL,
	creation_date date DEFAULT NOW()
);

create table comments(
	comment_id SERIAL UNIQUE PRIMARY KEY,
	post_id int NOT NULL,
	user_id int,
	comment text NOT NULL,
	creation_date date DEFAULT NOW(),
	is_confirmed boolean,
	CONSTRAINT user_id_comments_fk FOREIGN KEY (user_id) REFERENCES users(user_id)
);

create table posts(
	post_id int PRIMARY KEY,
	user_id int NOT NULL,
	category_id int NOT NULL,
	title varchar(50) NOT NULL,
	content text NOT NULL,
	view_count int DEFAULT 0,
	creation_date date DEFAULT NOW(),
	is_published boolean,
	CONSTRAINT user_id_fk FOREIGN KEY (user_id) REFERENCES users(user_id),
	CONSTRAINT cat_id_fk FOREIGN KEY (category_id) REFERENCES categories(category_id)
);

ALTER TABLE comments 
ADD CONSTRAINT post_id_fk FOREIGN KEY (post_id) REFERENCES posts(post_id);


-- inserting at least 2 users

insert into users (user_id, username, email) 
values
	(1, 'john_1', 'johnny42@gmail.com'),
	(2, 'qwerty', 'mu@hotmail.com'),
	(3, 'persona', 'someone@gmail.com'),
	(4, 'sputnik', 'sput1@yandex.com'),
	(5, 'userx', 'someoneelse@gmail.com');

-- inserting at least 3 categories
insert into categories (category_id, name, creation_date)
values
	(1, 'local news','2013-12-20'),
	(2, 'health', null),
	(3, 'politics', '2017-12-03'),
	(4, 'sports', '2018-03-05'),
	(5, 'culture', '2016-01-03'),
	(6, 'world news','2021-09-11'),
	(7, 'design', '2020-07-07'),
	(8, 'technology', '2022-05-01'),
	(9, 'food', '2023-10-05'),
	(10, 'others','2023-02-09'); 



-- inserting at least 50 post entries

insert into posts (post_id, user_id, category_id, title, content, view_count, creation_date, is_published) values (41, 4, 8, 'Vivamus in felis eu sapien cursus vestibulum. Proi', 'Quisque ut erat. Curabitur gravida nisi at nibh. In hac habitasse platea dictumst. Aliquam augue quam, sollicitudin vitae, consectetuer eget, rutrum at, lorem. Integer tincidunt ante vel ipsum. Praesent blandit lacinia erat. Vestibulum sed magna at nunc commodo placerat.', 7, '2010-06-15', true);
insert into posts (post_id, user_id, category_id, title, content, view_count, creation_date, is_published) values (9, 1, 1, 'Fusce lacus purus, aliquet at, feugiat non, pretiu', 'Cras non velit nec nisi vulputate nonummy. Maecenas tincidunt lacus at velit. Vivamus vel nulla eget eros elementum pellentesque. Quisque porta volutpat erat. Quisque erat eros, viverra eget, congue eget, semper rutrum, nulla. Nunc purus. Phasellus in felis. Donec semper sapien a libero. Nam dui. Proin leo odio, porttitor id, consequat in, consequat ut, nulla. Sed accumsan felis. Ut at dolor quis odio consequat varius. Integer ac leo. Pellentesque ultrices mattis odio. Donec vitae nisi. Nam ultrices, libero non mattis pulvinar, nulla pede ullamcorper augue, a suscipit nulla elit ac nulla. Sed vel enim sit amet nunc viverra dapibus. Nulla suscipit ligula in lacus. Curabitur at ipsum ac tellus semper interdum.', 381, '2013-11-21', null);
insert into posts (post_id, user_id, category_id, title, content, view_count, creation_date, is_published) values (53, 5, 7, 'Aliquam non mauris. Morbi non lectus. Aliquam sit ', 'Cras in purus eu magna vulputate luctus. Cum sociis natoque penatibus et magnis dis parturient montes, nascetur ridiculus mus. Vivamus vestibulum sagittis sapien. Cum sociis natoque penatibus et magnis dis parturient montes, nascetur ridiculus mus. Etiam vel augue.', 16, '2014-11-17', true);
insert into posts (post_id, user_id, category_id, title, content, view_count, creation_date, is_published) values (94, 2, 6, 'Nulla mollis molestie lorem. Quisque ut erat.', 'Vestibulum ante ipsum primis in faucibus orci luctus et ultrices posuere cubilia Curae; Duis faucibus accumsan odio. Curabitur convallis. Duis consequat dui nec nisi volutpat eleifend. Donec ut dolor. Morbi vel lectus in quam fringilla rhoncus. Mauris enim leo, rhoncus sed, vestibulum sit amet, cursus id, turpis. Integer aliquet, massa id lobortis convallis, tortor risus dapibus augue, vel accumsan tellus nisi eu orci. Mauris lacinia sapien quis libero. Nullam sit amet turpis elementum ligula vehicula consequat. Morbi a ipsum. Integer a nibh. In quis justo. Maecenas rhoncus aliquam lacus. Morbi quis tortor id nulla ultrices aliquet. Maecenas leo odio, condimentum id, luctus nec, molestie sed, justo. Pellentesque viverra pede ac diam. Cras pellentesque volutpat dui. Maecenas tristique, est et tempus semper, est quam pharetra magna, ac consequat metus sapien ut nunc.', 475, '2000-09-05', true);
insert into posts (post_id, user_id, category_id, title, content, view_count, creation_date, is_published) values (17, 2, 2, 'Aliquam erat volutpat. In congue. Etiam justo. Eti', 'Integer tincidunt ante vel ipsum.', 8, '2019-07-03', null);
insert into posts (post_id, user_id, category_id, title, content, view_count, creation_date, is_published) values (71, 2, 4, 'Vestibulum sed magna at nunc commodo placerat. Pra', 'In sagittis dui vel nisl. Duis ac nibh. Fusce lacus purus, aliquet at, feugiat non, pretium quis, lectus. Suspendisse potenti. In eleifend quam a odio. In hac habitasse platea dictumst. Maecenas ut massa quis augue luctus tincidunt. Nulla mollis molestie lorem. Quisque ut erat. Curabitur gravida nisi at nibh. In hac habitasse platea dictumst. Aliquam augue quam, sollicitudin vitae, consectetuer eget, rutrum at, lorem. Integer tincidunt ante vel ipsum. Praesent blandit lacinia erat. Vestibulum sed magna at nunc commodo placerat. Praesent blandit. Nam nulla. Integer pede justo, lacinia eget, tincidunt eget, tempus vel, pede.', 539, '2023-03-04', false);
insert into posts (post_id, user_id, category_id, title, content, view_count, creation_date, is_published) values (6, 2, 4, 'Nulla tellus. In sagittis dui vel nisl. Duis ac ni', 'Aenean lectus. Pellentesque eget nunc. Donec quis orci eget orci vehicula condimentum. Curabitur in libero ut massa volutpat convallis. Morbi odio odio, elementum eu, interdum eu, tincidunt in, leo. Maecenas pulvinar lobortis est. Phasellus sit amet erat. Nulla tempus. Vivamus in felis eu sapien cursus vestibulum. Proin eu mi. Nulla ac enim. In tempor, turpis nec euismod scelerisque, quam turpis adipiscing lorem, vitae mattis nibh ligula nec sem.', null, '2021-03-04', false);
insert into posts (post_id, user_id, category_id, title, content, view_count, creation_date, is_published) values (77, 2, 8, 'Nullam sit amet turpis elementum ligula vehicula c', 'Praesent id massa id nisl venenatis lacinia. Aenean sit amet justo. Morbi ut odio. Cras mi pede, malesuada in, imperdiet et, commodo vulputate, justo. In blandit ultrices enim. Lorem ipsum dolor sit amet, consectetuer adipiscing elit. Proin interdum mauris non ligula pellentesque ultrices. Phasellus id sapien in sapien iaculis congue. Vivamus metus arcu, adipiscing molestie, hendrerit at, vulputate vitae, nisl. Aenean lectus. Pellentesque eget nunc.', null, '2011-08-02', true);
insert into posts (post_id, user_id, category_id, title, content, view_count, creation_date, is_published) values (68, 1, 5, 'Duis at velit eu est congue elementum. In hac habi', 'Vivamus vel nulla eget eros elementum pellentesque. Quisque porta volutpat erat. Quisque erat eros, viverra eget, congue eget, semper rutrum, nulla. Nunc purus. Phasellus in felis. Donec semper sapien a libero. Nam dui. Proin leo odio, porttitor id, consequat in, consequat ut, nulla. Sed accumsan felis. Ut at dolor quis odio consequat varius. Integer ac leo. Pellentesque ultrices mattis odio. Donec vitae nisi.', 175, '2023-04-10', true);
insert into posts (post_id, user_id, category_id, title, content, view_count, creation_date, is_published) values (69, 4, 6, 'Integer pede justo, lacinia eget, tincidunt eget, ', 'Lorem ipsum dolor sit amet, consectetuer adipiscing elit. Proin risus. Praesent lectus. Vestibulum quam sapien, varius ut, blandit non, interdum in, ante. Vestibulum ante ipsum primis in faucibus orci luctus et ultrices posuere cubilia Curae; Duis faucibus accumsan odio.', 360, '2018-08-16', false);
insert into posts (post_id, user_id, category_id, title, content, view_count, creation_date, is_published) values (67, 2, 2, 'Morbi quis tortor id nulla ultrices aliquet. Maece', 'Vivamus metus arcu, adipiscing molestie, hendrerit at, vulputate vitae, nisl. Aenean lectus. Pellentesque eget nunc. Donec quis orci eget orci vehicula condimentum. Curabitur in libero ut massa volutpat convallis. Morbi odio odio, elementum eu, interdum eu, tincidunt in, leo. Maecenas pulvinar lobortis est. Phasellus sit amet erat. Nulla tempus. Vivamus in felis eu sapien cursus vestibulum. Proin eu mi. Nulla ac enim. In tempor, turpis nec euismod scelerisque, quam turpis adipiscing lorem, vitae mattis nibh ligula nec sem. Duis aliquam convallis nunc. Proin at turpis a pede posuere nonummy. Integer non velit.', 448, '2021-12-31', true);
insert into posts (post_id, user_id, category_id, title, content, view_count, creation_date, is_published) values (27, 5, 4, 'Duis at velit eu est congue elementum. In hac habi', 'Vivamus vel nulla eget eros elementum pellentesque. Quisque porta volutpat erat. Quisque erat eros, viverra eget, congue eget, semper rutrum, nulla. Nunc purus. Phasellus in felis. Donec semper sapien a libero. Nam dui. Proin leo odio, porttitor id, consequat in, consequat ut, nulla. Sed accumsan felis. Ut at dolor quis odio consequat varius. Integer ac leo. Pellentesque ultrices mattis odio. Donec vitae nisi.', 173, '2005-11-22', false);
insert into posts (post_id, user_id, category_id, title, content, view_count, creation_date, is_published) values (88, 1, 2, 'Maecenas tristique, est et tempus semper, est quam', 'Nulla mollis molestie lorem. Quisque ut erat. Curabitur gravida nisi at nibh. In hac habitasse platea dictumst. Aliquam augue quam, sollicitudin vitae, consectetuer eget, rutrum at, lorem. Integer tincidunt ante vel ipsum. Praesent blandit lacinia erat. Vestibulum sed magna at nunc commodo placerat. Praesent blandit. Nam nulla. Integer pede justo, lacinia eget, tincidunt eget, tempus vel, pede. Morbi porttitor lorem id ligula. Suspendisse ornare consequat lectus. In est risus, auctor sed, tristique in, tempus sit amet, sem. Fusce consequat. Nulla nisl.', 404, '2019-10-27', true);
insert into posts (post_id, user_id, category_id, title, content, view_count, creation_date, is_published) values (60, 5, 10, 'Nulla ac enim. In tempor, turpis nec euismod scele', 'Proin leo odio, porttitor id, consequat in, consequat ut, nulla. Sed accumsan felis. Ut at dolor quis odio consequat varius. Integer ac leo. Pellentesque ultrices mattis odio. Donec vitae nisi. Nam ultrices, libero non mattis pulvinar, nulla pede ullamcorper augue, a suscipit nulla elit ac nulla. Sed vel enim sit amet nunc viverra dapibus.', 557, '2001-02-17', null);
insert into posts (post_id, user_id, category_id, title, content, view_count, creation_date, is_published) values (25, 4, 7, 'Vestibulum ante ipsum primis in faucibus orci luct', 'Suspendisse ornare consequat lectus. In est risus, auctor sed, tristique in, tempus sit amet, sem. Fusce consequat. Nulla nisl. Nunc nisl. Duis bibendum, felis sed interdum venenatis, turpis enim blandit mi, in porttitor pede justo eu massa. Donec dapibus. Duis at velit eu est congue elementum. In hac habitasse platea dictumst. Morbi vestibulum, velit id pretium iaculis, diam erat fermentum justo, nec condimentum neque sapien placerat ante. Nulla justo. Aliquam quis turpis eget elit sodales scelerisque. Mauris sit amet eros. Suspendisse accumsan tortor quis turpis. Sed ante. Vivamus tortor. Duis mattis egestas metus.', 83, '2019-10-30', true);
insert into posts (post_id, user_id, category_id, title, content, view_count, creation_date, is_published) values (7, 2, 4, 'Vivamus vel nulla eget eros elementum pellentesque', 'Maecenas pulvinar lobortis est. Phasellus sit amet erat. Nulla tempus. Vivamus in felis eu sapien cursus vestibulum. Proin eu mi. Nulla ac enim. In tempor, turpis nec euismod scelerisque, quam turpis adipiscing lorem, vitae mattis nibh ligula nec sem. Duis aliquam convallis nunc. Proin at turpis a pede posuere nonummy.', 240, '2016-09-15', false);
insert into posts (post_id, user_id, category_id, title, content, view_count, creation_date, is_published) values (78, 3, 1, 'Vivamus vel nulla eget eros elementum pellentesque', 'Nunc nisl. Duis bibendum, felis sed interdum venenatis, turpis enim blandit mi, in porttitor pede justo eu massa. Donec dapibus. Duis at velit eu est congue elementum. In hac habitasse platea dictumst. Morbi vestibulum, velit id pretium iaculis, diam erat fermentum justo, nec condimentum neque sapien placerat ante. Nulla justo. Aliquam quis turpis eget elit sodales scelerisque. Mauris sit amet eros.', 468, '2022-03-14', null);
insert into posts (post_id, user_id, category_id, title, content, view_count, creation_date, is_published) values (5, 2, 2, 'Suspendisse accumsan tortor quis turpis. Sed ante.', 'Duis at velit eu est congue elementum. In hac habitasse platea dictumst. Morbi vestibulum, velit id pretium iaculis, diam erat fermentum justo, nec condimentum neque sapien placerat ante. Nulla justo. Aliquam quis turpis eget elit sodales scelerisque.', null, '2002-10-09', false);
insert into posts (post_id, user_id, category_id, title, content, view_count, creation_date, is_published) values (65, 2, 10, 'Aliquam erat volutpat. In congue. Etiam justo. Eti', 'Phasellus sit amet erat. Nulla tempus. Vivamus in felis eu sapien cursus vestibulum. Proin eu mi. Nulla ac enim. In tempor, turpis nec euismod scelerisque, quam turpis adipiscing lorem, vitae mattis nibh ligula nec sem. Duis aliquam convallis nunc. Proin at turpis a pede posuere nonummy. Integer non velit. Donec diam neque, vestibulum eget, vulputate ut, ultrices vel, augue. Vestibulum ante ipsum primis in faucibus orci luctus et ultrices posuere cubilia Curae; Donec pharetra, magna vestibulum aliquet ultrices, erat tortor sollicitudin mi, sit amet lobortis sapien sapien non mi. Integer ac neque. Duis bibendum. Morbi non quam nec dui luctus rutrum. Nulla tellus. In sagittis dui vel nisl. Duis ac nibh. Fusce lacus purus, aliquet at, feugiat non, pretium quis, lectus. Suspendisse potenti. In eleifend quam a odio.', 246, '2013-03-04', false);
insert into posts (post_id, user_id, category_id, title, content, view_count, creation_date, is_published) values (3, 5, 2, 'Maecenas rhoncus aliquam lacus. Morbi quis tortor ', 'In hac habitasse platea dictumst. Etiam faucibus cursus urna. Ut tellus.', 574, '2022-06-04', null);
insert into posts (post_id, user_id, category_id, title, content, view_count, creation_date, is_published) values (56, 5, 7, 'Maecenas tincidunt lacus at velit. Vivamus vel nul', 'Vivamus metus arcu, adipiscing molestie, hendrerit at, vulputate vitae, nisl. Aenean lectus. Pellentesque eget nunc. Donec quis orci eget orci vehicula condimentum. Curabitur in libero ut massa volutpat convallis. Morbi odio odio, elementum eu, interdum eu, tincidunt in, leo. Maecenas pulvinar lobortis est. Phasellus sit amet erat. Nulla tempus. Vivamus in felis eu sapien cursus vestibulum. Proin eu mi.', 166, '2014-11-27', null);
insert into posts (post_id, user_id, category_id, title, content, view_count, creation_date, is_published) values (75, 1, 2, 'Integer pede justo, lacinia eget, tincidunt eget, ', 'Etiam vel augue. Vestibulum rutrum rutrum neque. Aenean auctor gravida sem. Praesent id massa id nisl venenatis lacinia. Aenean sit amet justo. Morbi ut odio.', 519, '2022-12-04', null);
insert into posts (post_id, user_id, category_id, title, content, view_count, creation_date, is_published) values (98, 1, 10, 'In hac habitasse platea dictumst. Morbi vestibulum', 'Proin risus. Praesent lectus. Vestibulum quam sapien, varius ut, blandit non, interdum in, ante. Vestibulum ante ipsum primis in faucibus orci luctus et ultrices posuere cubilia Curae; Duis faucibus accumsan odio. Curabitur convallis. Duis consequat dui nec nisi volutpat eleifend. Donec ut dolor. Morbi vel lectus in quam fringilla rhoncus. Mauris enim leo, rhoncus sed, vestibulum sit amet, cursus id, turpis. Integer aliquet, massa id lobortis convallis, tortor risus dapibus augue, vel accumsan tellus nisi eu orci. Mauris lacinia sapien quis libero. Nullam sit amet turpis elementum ligula vehicula consequat. Morbi a ipsum. Integer a nibh. In quis justo. Maecenas rhoncus aliquam lacus. Morbi quis tortor id nulla ultrices aliquet. Maecenas leo odio, condimentum id, luctus nec, molestie sed, justo. Pellentesque viverra pede ac diam. Cras pellentesque volutpat dui.', 428, '2020-12-01', true);
insert into posts (post_id, user_id, category_id, title, content, view_count, creation_date, is_published) values (72, 1, 2, 'Nulla mollis molestie lorem. Quisque ut erat. Cura', 'Curabitur gravida nisi at nibh. In hac habitasse platea dictumst. Aliquam augue quam, sollicitudin vitae, consectetuer eget, rutrum at, lorem. Integer tincidunt ante vel ipsum. Praesent blandit lacinia erat. Vestibulum sed magna at nunc commodo placerat. Praesent blandit. Nam nulla. Integer pede justo, lacinia eget, tincidunt eget, tempus vel, pede. Morbi porttitor lorem id ligula. Suspendisse ornare consequat lectus. In est risus, auctor sed, tristique in, tempus sit amet, sem.', 511, '2019-01-12', false);
insert into posts (post_id, user_id, category_id, title, content, view_count, creation_date, is_published) values (8, 1, 2, 'Nulla tellus. In sagittis dui vel nisl. Duis ac ni', 'In quis justo. Maecenas rhoncus aliquam lacus. Morbi quis tortor id nulla ultrices aliquet. Maecenas leo odio, condimentum id, luctus nec, molestie sed, justo. Pellentesque viverra pede ac diam.', 342, '2009-07-09', null);
insert into posts (post_id, user_id, category_id, title, content, view_count, creation_date, is_published) values (87, 4, 10, 'Nulla ut erat id mauris vulputate elementum. Nulla', 'Cras pellentesque volutpat dui. Maecenas tristique, est et tempus semper, est quam pharetra magna, ac consequat metus sapien ut nunc. Vestibulum ante ipsum primis in faucibus orci luctus et ultrices posuere cubilia Curae; Mauris viverra diam vitae quam. Suspendisse potenti. Nullam porttitor lacus at turpis. Donec posuere metus vitae ipsum. Aliquam non mauris. Morbi non lectus. Aliquam sit amet diam in magna bibendum imperdiet. Nullam orci pede, venenatis non, sodales sed, tincidunt eu, felis. Fusce posuere felis sed lacus. Morbi sem mauris, laoreet ut, rhoncus aliquet, pulvinar sed, nisl. Nunc rhoncus dui vel sem. Sed sagittis. Nam congue, risus semper porta volutpat, quam pede lobortis ligula, sit amet eleifend pede libero quis orci. Nullam molestie nibh in lectus. Pellentesque at nulla.', 35, '2009-07-30', null);
insert into posts (post_id, user_id, category_id, title, content, view_count, creation_date, is_published) values (61, 4, 2, 'Duis mattis egestas metus. Aenean fermentum. Donec', 'Sed ante. Vivamus tortor. Duis mattis egestas metus. Aenean fermentum. Donec ut mauris eget massa tempor convallis. Nulla neque libero, convallis eget, eleifend luctus, ultricies eu, nibh. Quisque id justo sit amet sapien dignissim vestibulum. Vestibulum ante ipsum primis in faucibus orci luctus et ultrices posuere cubilia Curae; Nulla dapibus dolor vel est. Donec odio justo, sollicitudin ut, suscipit a, feugiat et, eros. Vestibulum ac est lacinia nisi venenatis tristique. Fusce congue, diam id ornare imperdiet, sapien urna pretium nisl, ut volutpat sapien arcu sed augue. Aliquam erat volutpat. In congue. Etiam justo.', 294, '2018-06-14', false);
insert into posts (post_id, user_id, category_id, title, content, view_count, creation_date, is_published) values (70, 1, 7, 'Pellentesque at nulla. Suspendisse potenti. Cras i', 'Duis aliquam convallis nunc.', 261, '2020-10-18', true);
insert into posts (post_id, user_id, category_id, title, content, view_count, creation_date, is_published) values (85, 2, 7, 'Suspendisse ornare consequat lectus.', 'Pellentesque at nulla. Suspendisse potenti. Cras in purus eu magna vulputate luctus. Cum sociis natoque penatibus et magnis dis parturient montes, nascetur ridiculus mus. Vivamus vestibulum sagittis sapien. Cum sociis natoque penatibus et magnis dis parturient montes, nascetur ridiculus mus. Etiam vel augue. Vestibulum rutrum rutrum neque. Aenean auctor gravida sem. Praesent id massa id nisl venenatis lacinia.', 523, '2018-07-06', null);
insert into posts (post_id, user_id, category_id, title, content, view_count, creation_date, is_published) values (76, 1, 10, 'Duis bibendum, felis sed interdum venenatis, turpi', 'Vestibulum ante ipsum primis in faucibus orci luctus et ultrices posuere cubilia Curae; Duis faucibus accumsan odio. Curabitur convallis. Duis consequat dui nec nisi volutpat eleifend. Donec ut dolor. Morbi vel lectus in quam fringilla rhoncus. Mauris enim leo, rhoncus sed, vestibulum sit amet, cursus id, turpis.', 109, '2005-11-02', true);
insert into posts (post_id, user_id, category_id, title, content, view_count, creation_date, is_published) values (15, 2, 2, 'Phasellus sit amet erat. Nulla tempus. Vivamus in ', 'Vivamus vel nulla eget eros elementum pellentesque. Quisque porta volutpat erat. Quisque erat eros, viverra eget, congue eget, semper rutrum, nulla. Nunc purus. Phasellus in felis. Donec semper sapien a libero. Nam dui. Proin leo odio, porttitor id, consequat in, consequat ut, nulla. Sed accumsan felis. Ut at dolor quis odio consequat varius. Integer ac leo. Pellentesque ultrices mattis odio. Donec vitae nisi.', 576, '2006-09-09', false);
insert into posts (post_id, user_id, category_id, title, content, view_count, creation_date, is_published) values (63, 4, 6, 'Donec quis orci eget orci vehicula condimentum. Cu', 'Morbi vel lectus in quam fringilla rhoncus. Mauris enim leo, rhoncus sed, vestibulum sit amet, cursus id, turpis. Integer aliquet, massa id lobortis convallis, tortor risus dapibus augue, vel accumsan tellus nisi eu orci. Mauris lacinia sapien quis libero. Nullam sit amet turpis elementum ligula vehicula consequat. Morbi a ipsum. Integer a nibh. In quis justo. Maecenas rhoncus aliquam lacus. Morbi quis tortor id nulla ultrices aliquet.', 15, '2009-03-04', null);
insert into posts (post_id, user_id, category_id, title, content, view_count, creation_date, is_published) values (13, 3, 10, 'Vivamus metus arcu, adipiscing molestie, hendrerit', 'Nulla mollis molestie lorem. Quisque ut erat. Curabitur gravida nisi at nibh. In hac habitasse platea dictumst. Aliquam augue quam, sollicitudin vitae, consectetuer eget, rutrum at, lorem. Integer tincidunt ante vel ipsum. Praesent blandit lacinia erat. Vestibulum sed magna at nunc commodo placerat. Praesent blandit. Nam nulla. Integer pede justo, lacinia eget, tincidunt eget, tempus vel, pede. Morbi porttitor lorem id ligula. Suspendisse ornare consequat lectus. In est risus, auctor sed, tristique in, tempus sit amet, sem. Fusce consequat.', 99, '2020-04-19', true);
insert into posts (post_id, user_id, category_id, title, content, view_count, creation_date, is_published) values (66, 5, 4, 'Proin at turpis a pede posuere nonummy. Integer no', 'Etiam vel augue. Vestibulum rutrum rutrum neque. Aenean auctor gravida sem. Praesent id massa id nisl venenatis lacinia. Aenean sit amet justo. Morbi ut odio. Cras mi pede, malesuada in, imperdiet et, commodo vulputate, justo. In blandit ultrices enim. Lorem ipsum dolor sit amet, consectetuer adipiscing elit. Proin interdum mauris non ligula pellentesque ultrices. Phasellus id sapien in sapien iaculis congue. Vivamus metus arcu, adipiscing molestie, hendrerit at, vulputate vitae, nisl. Aenean lectus. Pellentesque eget nunc. Donec quis orci eget orci vehicula condimentum.', null, '2002-07-05', false);
insert into posts (post_id, user_id, category_id, title, content, view_count, creation_date, is_published) values (42, 4, 3, 'In congue. Etiam justo. Etiam pretium iaculis just', 'Donec dapibus. Duis at velit eu est congue elementum. In hac habitasse platea dictumst. Morbi vestibulum, velit id pretium iaculis, diam erat fermentum justo, nec condimentum neque sapien placerat ante. Nulla justo. Aliquam quis turpis eget elit sodales scelerisque. Mauris sit amet eros. Suspendisse accumsan tortor quis turpis. Sed ante. Vivamus tortor. Duis mattis egestas metus. Aenean fermentum. Donec ut mauris eget massa tempor convallis.', 250, '2007-02-18', false);
insert into posts (post_id, user_id, category_id, title, content, view_count, creation_date, is_published) values (73, 2, 2, 'Suspendisse potenti. Nullam porttitor lacus at tur', 'Aliquam erat volutpat. In congue. Etiam justo. Etiam pretium iaculis justo. In hac habitasse platea dictumst.', 554, '2003-07-30', true);
insert into posts (post_id, user_id, category_id, title, content, view_count, creation_date, is_published) values (83, 2, 2, 'Quisque erat eros, viverra eget, congue eget, semp', 'Lorem ipsum dolor sit amet, consectetuer adipiscing elit. Proin interdum mauris non ligula pellentesque ultrices. Phasellus id sapien in sapien iaculis congue. Vivamus metus arcu, adipiscing molestie, hendrerit at, vulputate vitae, nisl.', 483, '2013-03-03', false);
insert into posts (post_id, user_id, category_id, title, content, view_count, creation_date, is_published) values (31, 5, 7, 'Aliquam non mauris. Morbi non lectus. Aliquam sit ', 'Phasellus in felis. Donec semper sapien a libero. Nam dui. Proin leo odio, porttitor id, consequat in, consequat ut, nulla. Sed accumsan felis. Ut at dolor quis odio consequat varius. Integer ac leo. Pellentesque ultrices mattis odio. Donec vitae nisi. Nam ultrices, libero non mattis pulvinar, nulla pede ullamcorper augue, a suscipit nulla elit ac nulla. Sed vel enim sit amet nunc viverra dapibus. Nulla suscipit ligula in lacus. Curabitur at ipsum ac tellus semper interdum.', 285, '2023-01-07', true);
insert into posts (post_id, user_id, category_id, title, content, view_count, creation_date, is_published) values (46, 1, 8, 'Donec semper sapien a libero. Nam dui. Proin leo o', 'Quisque erat eros, viverra eget, congue eget, semper rutrum, nulla. Nunc purus. Phasellus in felis. Donec semper sapien a libero. Nam dui. Proin leo odio, porttitor id, consequat in, consequat ut, nulla. Sed accumsan felis. Ut at dolor quis odio consequat varius. Integer ac leo. Pellentesque ultrices mattis odio. Donec vitae nisi. Nam ultrices, libero non mattis pulvinar, nulla pede ullamcorper augue, a suscipit nulla elit ac nulla. Sed vel enim sit amet nunc viverra dapibus. Nulla suscipit ligula in lacus. Curabitur at ipsum ac tellus semper interdum. Mauris ullamcorper purus sit amet nulla. Quisque arcu libero, rutrum ac, lobortis vel, dapibus at, diam. Nam tristique tortor eu pede.', 522, '2022-05-04', false);
insert into posts (post_id, user_id, category_id, title, content, view_count, creation_date, is_published) values (1, 5, 10, 'Fusce lacus purus, aliquet at, feugiat non, pretiu', 'In sagittis dui vel nisl. Duis ac nibh. Fusce lacus purus, aliquet at, feugiat non, pretium quis, lectus. Suspendisse potenti.', 67, '2011-12-09', null);
insert into posts (post_id, user_id, category_id, title, content, view_count, creation_date, is_published) values (4, 1, 1, 'Nulla suscipit ligula in lacus. Curabitur at ipsum', 'Vestibulum sed magna at nunc commodo placerat. Praesent blandit. Nam nulla. Integer pede justo, lacinia eget, tincidunt eget, tempus vel, pede. Morbi porttitor lorem id ligula. Suspendisse ornare consequat lectus. In est risus, auctor sed, tristique in, tempus sit amet, sem. Fusce consequat.', 577, '2008-06-20', null);
insert into posts (post_id, user_id, category_id, title, content, view_count, creation_date, is_published) values (43, 1, 7, 'Nullam orci pede, venenatis non, sodales sed, tinc', 'Nulla ac enim. In tempor, turpis nec euismod scelerisque, quam turpis adipiscing lorem, vitae mattis nibh ligula nec sem. Duis aliquam convallis nunc. Proin at turpis a pede posuere nonummy. Integer non velit. Donec diam neque, vestibulum eget, vulputate ut, ultrices vel, augue. Vestibulum ante ipsum primis in faucibus orci luctus et ultrices posuere cubilia Curae; Donec pharetra, magna vestibulum aliquet ultrices, erat tortor sollicitudin mi, sit amet lobortis sapien sapien non mi. Integer ac neque. Duis bibendum. Morbi non quam nec dui luctus rutrum. Nulla tellus. In sagittis dui vel nisl. Duis ac nibh. Fusce lacus purus, aliquet at, feugiat non, pretium quis, lectus. Suspendisse potenti. In eleifend quam a odio.', 94, '2021-03-07', false);
insert into posts (post_id, user_id, category_id, title, content, view_count, creation_date, is_published) values (52, 1, 1, 'Cras mi pede, malesuada in, imperdiet et, commodo ', 'Morbi odio odio, elementum eu, interdum eu, tincidunt in, leo. Maecenas pulvinar lobortis est. Phasellus sit amet erat. Nulla tempus. Vivamus in felis eu sapien cursus vestibulum. Proin eu mi. Nulla ac enim. In tempor, turpis nec euismod scelerisque, quam turpis adipiscing lorem, vitae mattis nibh ligula nec sem.', 268, '2017-03-01', false);
insert into posts (post_id, user_id, category_id, title, content, view_count, creation_date, is_published) values (79, 3, 4, 'Vivamus metus arcu, adipiscing molestie, hendrerit', 'Phasellus sit amet erat. Nulla tempus. Vivamus in felis eu sapien cursus vestibulum. Proin eu mi. Nulla ac enim. In tempor, turpis nec euismod scelerisque, quam turpis adipiscing lorem, vitae mattis nibh ligula nec sem. Duis aliquam convallis nunc. Proin at turpis a pede posuere nonummy. Integer non velit.', 444, '2000-03-21', false);
insert into posts (post_id, user_id, category_id, title, content, view_count, creation_date, is_published) values (34, 2, 8, 'Integer tincidunt ante vel ipsum. Praesent blandit', 'Nulla facilisi. Cras non velit nec nisi vulputate nonummy. Maecenas tincidunt lacus at velit. Vivamus vel nulla eget eros elementum pellentesque. Quisque porta volutpat erat.', 544, '2003-06-24', false);
insert into posts (post_id, user_id, category_id, title, content, view_count, creation_date, is_published) values (40, 3, 2, 'Nulla neque libero, convallis eget, eleifend luctu', 'Nam nulla. Integer pede justo, lacinia eget, tincidunt eget, tempus vel, pede. Morbi porttitor lorem id ligula. Suspendisse ornare consequat lectus. In est risus, auctor sed, tristique in, tempus sit amet, sem. Fusce consequat. Nulla nisl. Nunc nisl. Duis bibendum, felis sed interdum venenatis, turpis enim blandit mi, in porttitor pede justo eu massa. Donec dapibus. Duis at velit eu est congue elementum. In hac habitasse platea dictumst. Morbi vestibulum, velit id pretium iaculis, diam erat fermentum justo, nec condimentum neque sapien placerat ante. Nulla justo. Aliquam quis turpis eget elit sodales scelerisque. Mauris sit amet eros.', 515, '2022-07-25', false);
insert into posts (post_id, user_id, category_id, title, content, view_count, creation_date, is_published) values (64, 1, 9, 'Aliquam erat volutpat. In congue. Etiam justo. Eti', 'Praesent blandit lacinia erat. Vestibulum sed magna at nunc commodo placerat. Praesent blandit. Nam nulla.', 356, '2003-11-20', true);
insert into posts (post_id, user_id, category_id, title, content, view_count, creation_date, is_published) values (24, 2, 1, 'Vestibulum ante ipsum primis in faucibus orci luct', 'Nulla facilisi. Cras non velit nec nisi vulputate nonummy. Maecenas tincidunt lacus at velit. Vivamus vel nulla eget eros elementum pellentesque. Quisque porta volutpat erat. Quisque erat eros, viverra eget, congue eget, semper rutrum, nulla. Nunc purus. Phasellus in felis. Donec semper sapien a libero. Nam dui. Proin leo odio, porttitor id, consequat in, consequat ut, nulla. Sed accumsan felis.', 396, '2000-06-16', false);
insert into posts (post_id, user_id, category_id, title, content, view_count, creation_date, is_published) values (26, 5, 6, 'Praesent id massa id nisl venenatis lacinia. Aenea', 'Proin leo odio, porttitor id, consequat in, consequat ut, nulla. Sed accumsan felis. Ut at dolor quis odio consequat varius. Integer ac leo. Pellentesque ultrices mattis odio. Donec vitae nisi. Nam ultrices, libero non mattis pulvinar, nulla pede ullamcorper augue, a suscipit nulla elit ac nulla.', 134, '2008-01-09', null);
insert into posts (post_id, user_id, category_id, title, content, view_count, creation_date, is_published) values (81, 3, 9, 'Morbi porttitor lorem id ligula. Suspendisse ornar', 'Vestibulum ante ipsum primis in faucibus orci luctus et ultrices posuere cubilia Curae; Donec pharetra, magna vestibulum aliquet ultrices, erat tortor sollicitudin mi, sit amet lobortis sapien sapien non mi. Integer ac neque. Duis bibendum. Morbi non quam nec dui luctus rutrum. Nulla tellus. In sagittis dui vel nisl. Duis ac nibh. Fusce lacus purus, aliquet at, feugiat non, pretium quis, lectus. Suspendisse potenti. In eleifend quam a odio. In hac habitasse platea dictumst. Maecenas ut massa quis augue luctus tincidunt.', 168, '2006-07-27', null);
insert into posts (post_id, user_id, category_id, title, content, view_count, creation_date, is_published) values (59, 4, 7, 'Suspendisse potenti. Nullam porttitor lacus at tur', 'Fusce posuere felis sed lacus. Morbi sem mauris, laoreet ut, rhoncus aliquet, pulvinar sed, nisl. Nunc rhoncus dui vel sem. Sed sagittis. Nam congue, risus semper porta volutpat, quam pede lobortis ligula, sit amet eleifend pede libero quis orci. Nullam molestie nibh in lectus. Pellentesque at nulla. Suspendisse potenti. Cras in purus eu magna vulputate luctus. Cum sociis natoque penatibus et magnis dis parturient montes, nascetur ridiculus mus. Vivamus vestibulum sagittis sapien. Cum sociis natoque penatibus et magnis dis parturient montes, nascetur ridiculus mus. Etiam vel augue. Vestibulum rutrum rutrum neque. Aenean auctor gravida sem. Praesent id massa id nisl venenatis lacinia. Aenean sit amet justo. Morbi ut odio.', 336, '2007-03-21', false);
insert into posts (post_id, user_id, category_id, title, content, view_count, creation_date, is_published) values (2, 3, 8, 'Pellentesque at nulla. Suspendisse potenti. Cras i', 'Morbi non lectus. Aliquam sit amet diam in magna bibendum imperdiet. Nullam orci pede, venenatis non, sodales sed, tincidunt eu, felis. Fusce posuere felis sed lacus. Morbi sem mauris, laoreet ut, rhoncus aliquet, pulvinar sed, nisl. Nunc rhoncus dui vel sem. Sed sagittis. Nam congue, risus semper porta volutpat, quam pede lobortis ligula, sit amet eleifend pede libero quis orci. Nullam molestie nibh in lectus. Pellentesque at nulla. Suspendisse potenti. Cras in purus eu magna vulputate luctus. Cum sociis natoque penatibus et magnis dis parturient montes, nascetur ridiculus mus. Vivamus vestibulum sagittis sapien. Cum sociis natoque penatibus et magnis dis parturient montes, nascetur ridiculus mus. Etiam vel augue. Vestibulum rutrum rutrum neque.', 360, '2013-10-14', null);
insert into posts (post_id, user_id, category_id, title, content, view_count, creation_date, is_published) values (54, 1, 8, 'Nam ultrices, libero non mattis pulvinar, nulla pe', 'Nulla ut erat id mauris vulputate elementum. Nullam varius. Nulla facilisi. Cras non velit nec nisi vulputate nonummy.', 344, '2015-12-04', true);
insert into posts (post_id, user_id, category_id, title, content, view_count, creation_date, is_published) values (80, 1, 1, 'Morbi sem mauris, laoreet ut, rhoncus aliquet, pul', 'In blandit ultrices enim. Lorem ipsum dolor sit amet, consectetuer adipiscing elit. Proin interdum mauris non ligula pellentesque ultrices. Phasellus id sapien in sapien iaculis congue. Vivamus metus arcu, adipiscing molestie, hendrerit at, vulputate vitae, nisl. Aenean lectus. Pellentesque eget nunc. Donec quis orci eget orci vehicula condimentum. Curabitur in libero ut massa volutpat convallis. Morbi odio odio, elementum eu, interdum eu, tincidunt in, leo. Maecenas pulvinar lobortis est. Phasellus sit amet erat. Nulla tempus.', 238, '2021-03-26', false);
insert into posts (post_id, user_id, category_id, title, content, view_count, creation_date, is_published) values (36, 3, 8, 'Nam dui. Proin leo odio, porttitor id, consequat i', 'Aenean sit amet justo. Morbi ut odio. Cras mi pede, malesuada in, imperdiet et, commodo vulputate, justo. In blandit ultrices enim.', 367, '2002-02-04', null);
insert into posts (post_id, user_id, category_id, title, content, view_count, creation_date, is_published) values (74, 2, 3, 'Quisque erat eros, viverra eget, congue eget, semp', 'Nulla nisl. Nunc nisl. Duis bibendum, felis sed interdum venenatis, turpis enim blandit mi, in porttitor pede justo eu massa. Donec dapibus. Duis at velit eu est congue elementum. In hac habitasse platea dictumst. Morbi vestibulum, velit id pretium iaculis, diam erat fermentum justo, nec condimentum neque sapien placerat ante. Nulla justo. Aliquam quis turpis eget elit sodales scelerisque. Mauris sit amet eros. Suspendisse accumsan tortor quis turpis. Sed ante. Vivamus tortor. Duis mattis egestas metus. Aenean fermentum. Donec ut mauris eget massa tempor convallis. Nulla neque libero, convallis eget, eleifend luctus, ultricies eu, nibh. Quisque id justo sit amet sapien dignissim vestibulum. Vestibulum ante ipsum primis in faucibus orci luctus et ultrices posuere cubilia Curae; Nulla dapibus dolor vel est.', 420, '2010-08-20', true);
insert into posts (post_id, user_id, category_id, title, content, view_count, creation_date, is_published) values (48, 3, 8, 'Suspendisse potenti. Cras in purus eu magna vulput', 'Nullam molestie nibh in lectus. Pellentesque at nulla. Suspendisse potenti. Cras in purus eu magna vulputate luctus. Cum sociis natoque penatibus et magnis dis parturient montes, nascetur ridiculus mus. Vivamus vestibulum sagittis sapien. Cum sociis natoque penatibus et magnis dis parturient montes, nascetur ridiculus mus. Etiam vel augue. Vestibulum rutrum rutrum neque. Aenean auctor gravida sem. Praesent id massa id nisl venenatis lacinia. Aenean sit amet justo. Morbi ut odio. Cras mi pede, malesuada in, imperdiet et, commodo vulputate, justo. In blandit ultrices enim.', 556, '2014-12-27', false);
insert into posts (post_id, user_id, category_id, title, content, view_count, creation_date, is_published) values (82, 4, 4, 'Phasellus in felis. Donec semper sapien a libero. ', 'Sed sagittis. Nam congue, risus semper porta volutpat, quam pede lobortis ligula, sit amet eleifend pede libero quis orci. Nullam molestie nibh in lectus. Pellentesque at nulla. Suspendisse potenti.', null, '2013-03-08', null);
insert into posts (post_id, user_id, category_id, title, content, view_count, creation_date, is_published) values (12, 3, 9, 'Aenean sit amet justo. Morbi ut odio. Cras mi pede', 'Nullam varius. Nulla facilisi. Cras non velit nec nisi vulputate nonummy. Maecenas tincidunt lacus at velit. Vivamus vel nulla eget eros elementum pellentesque. Quisque porta volutpat erat. Quisque erat eros, viverra eget, congue eget, semper rutrum, nulla. Nunc purus. Phasellus in felis. Donec semper sapien a libero. Nam dui. Proin leo odio, porttitor id, consequat in, consequat ut, nulla. Sed accumsan felis. Ut at dolor quis odio consequat varius. Integer ac leo. Pellentesque ultrices mattis odio. Donec vitae nisi.', 261, '2012-09-15', null);
insert into posts (post_id, user_id, category_id, title, content, view_count, creation_date, is_published) values (84, 2, 1, 'Cras non velit nec nisi vulputate nonummy. Maecena', 'Donec diam neque, vestibulum eget, vulputate ut, ultrices vel, augue. Vestibulum ante ipsum primis in faucibus orci luctus et ultrices posuere cubilia Curae; Donec pharetra, magna vestibulum aliquet ultrices, erat tortor sollicitudin mi, sit amet lobortis sapien sapien non mi. Integer ac neque. Duis bibendum. Morbi non quam nec dui luctus rutrum. Nulla tellus. In sagittis dui vel nisl. Duis ac nibh. Fusce lacus purus, aliquet at, feugiat non, pretium quis, lectus. Suspendisse potenti. In eleifend quam a odio. In hac habitasse platea dictumst. Maecenas ut massa quis augue luctus tincidunt. Nulla mollis molestie lorem. Quisque ut erat. Curabitur gravida nisi at nibh.', 238, '2010-10-08', false);
insert into posts (post_id, user_id, category_id, title, content, view_count, creation_date, is_published) values (89, 5, 3, 'In eleifend quam a odio. In hac habitasse platea d', 'Donec odio justo, sollicitudin ut, suscipit a, feugiat et, eros. Vestibulum ac est lacinia nisi venenatis tristique. Fusce congue, diam id ornare imperdiet, sapien urna pretium nisl, ut volutpat sapien arcu sed augue. Aliquam erat volutpat. In congue. Etiam justo. Etiam pretium iaculis justo.', 529, '2017-05-19', false);
insert into posts (post_id, user_id, category_id, title, content, view_count, creation_date, is_published) values (92, 4, 1, 'Cras in purus eu magna vulputate luctus. Cum socii', 'Duis mattis egestas metus. Aenean fermentum. Donec ut mauris eget massa tempor convallis. Nulla neque libero, convallis eget, eleifend luctus, ultricies eu, nibh. Quisque id justo sit amet sapien dignissim vestibulum. Vestibulum ante ipsum primis in faucibus orci luctus et ultrices posuere cubilia Curae; Nulla dapibus dolor vel est. Donec odio justo, sollicitudin ut, suscipit a, feugiat et, eros. Vestibulum ac est lacinia nisi venenatis tristique. Fusce congue, diam id ornare imperdiet, sapien urna pretium nisl, ut volutpat sapien arcu sed augue. Aliquam erat volutpat. In congue. Etiam justo. Etiam pretium iaculis justo. In hac habitasse platea dictumst. Etiam faucibus cursus urna. Ut tellus. Nulla ut erat id mauris vulputate elementum.', 326, '2021-12-24', false);
insert into posts (post_id, user_id, category_id, title, content, view_count, creation_date, is_published) values (44, 5, 7, 'Quisque porta volutpat erat. Quisque erat eros, vi', 'Mauris lacinia sapien quis libero. Nullam sit amet turpis elementum ligula vehicula consequat. Morbi a ipsum. Integer a nibh.', 492, '2008-10-17', false);
insert into posts (post_id, user_id, category_id, title, content, view_count, creation_date, is_published) values (91, 5, 4, 'Aliquam quis turpis eget elit sodales scelerisque.', 'Integer ac neque. Duis bibendum. Morbi non quam nec dui luctus rutrum. Nulla tellus. In sagittis dui vel nisl.', 433, '2009-10-29', false);
insert into posts (post_id, user_id, category_id, title, content, view_count, creation_date, is_published) values (90, 4, 6, 'Aliquam augue quam, sollicitudin vitae, consectetu', 'Ut at dolor quis odio consequat varius. Integer ac leo. Pellentesque ultrices mattis odio. Donec vitae nisi. Nam ultrices, libero non mattis pulvinar, nulla pede ullamcorper augue, a suscipit nulla elit ac nulla. Sed vel enim sit amet nunc viverra dapibus.', 503, '2010-10-19', false);
insert into posts (post_id, user_id, category_id, title, content, view_count, creation_date, is_published) values (19, 3, 2, 'Sed sagittis. Nam congue, risus semper porta volut', 'Vestibulum ante ipsum primis in faucibus orci luctus et ultrices posuere cubilia Curae; Duis faucibus accumsan odio. Curabitur convallis. Duis consequat dui nec nisi volutpat eleifend. Donec ut dolor. Morbi vel lectus in quam fringilla rhoncus. Mauris enim leo, rhoncus sed, vestibulum sit amet, cursus id, turpis. Integer aliquet, massa id lobortis convallis, tortor risus dapibus augue, vel accumsan tellus nisi eu orci. Mauris lacinia sapien quis libero. Nullam sit amet turpis elementum ligula vehicula consequat. Morbi a ipsum. Integer a nibh. In quis justo. Maecenas rhoncus aliquam lacus. Morbi quis tortor id nulla ultrices aliquet. Maecenas leo odio, condimentum id, luctus nec, molestie sed, justo. Pellentesque viverra pede ac diam. Cras pellentesque volutpat dui. Maecenas tristique, est et tempus semper, est quam pharetra magna, ac consequat metus sapien ut nunc. Vestibulum ante ipsum primis in faucibus orci luctus et ultrices posuere cubilia Curae; Mauris viverra diam vitae quam. Suspendisse potenti.', 482, '2013-10-09', true);
insert into posts (post_id, user_id, category_id, title, content, view_count, creation_date, is_published) values (35, 1, 2, 'Fusce consequat. Nulla nisl. Nunc nisl. Duis biben', 'Nam nulla. Integer pede justo, lacinia eget, tincidunt eget, tempus vel, pede. Morbi porttitor lorem id ligula. Suspendisse ornare consequat lectus. In est risus, auctor sed, tristique in, tempus sit amet, sem. Fusce consequat. Nulla nisl. Nunc nisl. Duis bibendum, felis sed interdum venenatis, turpis enim blandit mi, in porttitor pede justo eu massa. Donec dapibus. Duis at velit eu est congue elementum. In hac habitasse platea dictumst. Morbi vestibulum, velit id pretium iaculis, diam erat fermentum justo, nec condimentum neque sapien placerat ante. Nulla justo. Aliquam quis turpis eget elit sodales scelerisque. Mauris sit amet eros.', 523, '2000-04-01', null);
insert into posts (post_id, user_id, category_id, title, content, view_count, creation_date, is_published) values (93, 3, 5, 'Duis bibendum, felis sed interdum venenatis, turpi', 'Nulla mollis molestie lorem. Quisque ut erat. Curabitur gravida nisi at nibh. In hac habitasse platea dictumst. Aliquam augue quam, sollicitudin vitae, consectetuer eget, rutrum at, lorem. Integer tincidunt ante vel ipsum. Praesent blandit lacinia erat. Vestibulum sed magna at nunc commodo placerat. Praesent blandit.', 453, '2006-11-15', false);
insert into posts (post_id, user_id, category_id, title, content, view_count, creation_date, is_published) values (95, 3, 6, 'Mauris sit amet eros. Suspendisse accumsan tortor ', 'Proin risus. Praesent lectus. Vestibulum quam sapien, varius ut, blandit non, interdum in, ante. Vestibulum ante ipsum primis in faucibus orci luctus et ultrices posuere cubilia Curae; Duis faucibus accumsan odio. Curabitur convallis. Duis consequat dui nec nisi volutpat eleifend. Donec ut dolor. Morbi vel lectus in quam fringilla rhoncus. Mauris enim leo, rhoncus sed, vestibulum sit amet, cursus id, turpis. Integer aliquet, massa id lobortis convallis, tortor risus dapibus augue, vel accumsan tellus nisi eu orci. Mauris lacinia sapien quis libero. Nullam sit amet turpis elementum ligula vehicula consequat. Morbi a ipsum. Integer a nibh.', 434, '2016-09-08', false);
insert into posts (post_id, user_id, category_id, title, content, view_count, creation_date, is_published) values (23, 3, 2, 'Morbi vel lectus in quam fringilla rhoncus.', 'Etiam vel augue. Vestibulum rutrum rutrum neque. Aenean auctor gravida sem. Praesent id massa id nisl venenatis lacinia. Aenean sit amet justo. Morbi ut odio. Cras mi pede, malesuada in, imperdiet et, commodo vulputate, justo. In blandit ultrices enim. Lorem ipsum dolor sit amet, consectetuer adipiscing elit. Proin interdum mauris non ligula pellentesque ultrices. Phasellus id sapien in sapien iaculis congue. Vivamus metus arcu, adipiscing molestie, hendrerit at, vulputate vitae, nisl. Aenean lectus. Pellentesque eget nunc. Donec quis orci eget orci vehicula condimentum. Curabitur in libero ut massa volutpat convallis. Morbi odio odio, elementum eu, interdum eu, tincidunt in, leo. Maecenas pulvinar lobortis est. Phasellus sit amet erat. Nulla tempus.', 285, '2008-06-04', true);
insert into posts (post_id, user_id, category_id, title, content, view_count, creation_date, is_published) values (96, 2, 4, 'Lorem ipsum dolor sit amet, consectetuer adipiscin', 'Pellentesque viverra pede ac diam.', 132, '2009-11-17', null);
insert into posts (post_id, user_id, category_id, title, content, view_count, creation_date, is_published) values (50, 2, 8, 'Pellentesque at nulla. Suspendisse potenti. Cras i', 'Duis consequat dui nec nisi volutpat eleifend. Donec ut dolor. Morbi vel lectus in quam fringilla rhoncus. Mauris enim leo, rhoncus sed, vestibulum sit amet, cursus id, turpis. Integer aliquet, massa id lobortis convallis, tortor risus dapibus augue, vel accumsan tellus nisi eu orci.', 6, '2004-06-06', false);
insert into posts (post_id, user_id, category_id, title, content, view_count, creation_date, is_published) values (97, 1, 4, 'Aenean fermentum. Donec ut mauris eget massa tempo', 'Suspendisse potenti. Cras in purus eu magna vulputate luctus. Cum sociis natoque penatibus et magnis dis parturient montes, nascetur ridiculus mus. Vivamus vestibulum sagittis sapien. Cum sociis natoque penatibus et magnis dis parturient montes, nascetur ridiculus mus. Etiam vel augue. Vestibulum rutrum rutrum neque. Aenean auctor gravida sem.', 503, '2002-07-29', true);


-- insert comments

insert into comments (comment_id, post_id, user_id, comment, creation_date, is_confirmed) values (1, 5, null, 'Morbi quis tortor id nulla ultrices aliquet. Maecenas leo odio, condimentum id, luctus nec, molestie sed, justo. Pellentesque viverra pede ac diam. Cras pellentesque volutpat dui. Maecenas tristique, est et tempus semper, est quam pharetra magna, ac consequat metus sapien ut nunc. Vestibulum ante ipsum primis in faucibus orci luctus et ultrices posuere cubilia Curae; Mauris viverra diam vitae quam. Suspendisse potenti. Nullam porttitor lacus at turpis. Donec posuere metus vitae ipsum.', '2019-04-03', false);
insert into comments (comment_id, post_id, user_id, comment, creation_date, is_confirmed) values (2, 31, null, 'Nullam sit amet turpis elementum ligula vehicula consequat. Morbi a ipsum. Integer a nibh. In quis justo. Maecenas rhoncus aliquam lacus. Morbi quis tortor id nulla ultrices aliquet. Maecenas leo odio, condimentum id, luctus nec, molestie sed, justo.', '2010-01-24', true);
insert into comments (comment_id, post_id, user_id, comment, creation_date, is_confirmed) values (3, 63, 2, 'Praesent blandit lacinia erat. Vestibulum sed magna at nunc commodo placerat. Praesent blandit. Nam nulla. Integer pede justo, lacinia eget, tincidunt eget, tempus vel, pede. Morbi porttitor lorem id ligula.', '2015-07-13', null);
insert into comments (comment_id, post_id, user_id, comment, creation_date, is_confirmed) values (4, 53, null, 'Pellentesque at nulla. Suspendisse potenti. Cras in purus eu magna vulputate luctus. Cum sociis natoque penatibus et magnis dis parturient montes, nascetur ridiculus mus. Vivamus vestibulum sagittis sapien. Cum sociis natoque penatibus et magnis dis parturient montes, nascetur ridiculus mus. Etiam vel augue. Vestibulum rutrum rutrum neque. Aenean auctor gravida sem.', '2000-08-16', true);
insert into comments (comment_id, post_id, user_id, comment, creation_date, is_confirmed) values (5, 70, 5, 'Nulla ac enim. In tempor, turpis nec euismod scelerisque, quam turpis adipiscing lorem, vitae mattis nibh ligula nec sem. Duis aliquam convallis nunc. Proin at turpis a pede posuere nonummy. Integer non velit. Donec diam neque, vestibulum eget, vulputate ut, ultrices vel, augue. Vestibulum ante ipsum primis in faucibus orci luctus et ultrices posuere cubilia Curae; Donec pharetra, magna vestibulum aliquet ultrices, erat tortor sollicitudin mi, sit amet lobortis sapien sapien non mi. Integer ac neque.', '2001-08-06', null);
insert into comments (comment_id, post_id, user_id, comment, creation_date, is_confirmed) values (6, 23, 4, 'Nulla ut erat id mauris vulputate elementum. Nullam varius. Nulla facilisi. Cras non velit nec nisi vulputate nonummy. Maecenas tincidunt lacus at velit. Vivamus vel nulla eget eros elementum pellentesque. Quisque porta volutpat erat. Quisque erat eros, viverra eget, congue eget, semper rutrum, nulla. Nunc purus.', '2013-02-08', true);
insert into comments (comment_id, post_id, user_id, comment, creation_date, is_confirmed) values (7, 87, 1, 'Maecenas leo odio, condimentum id, luctus nec, molestie sed, justo. Pellentesque viverra pede ac diam. Cras pellentesque volutpat dui.', '2005-12-24', true);
insert into comments (comment_id, post_id, user_id, comment, creation_date, is_confirmed) values (8, 54, null, 'Aliquam sit amet diam in magna bibendum imperdiet. Nullam orci pede, venenatis non, sodales sed, tincidunt eu, felis. Fusce posuere felis sed lacus. Morbi sem mauris, laoreet ut, rhoncus aliquet, pulvinar sed, nisl.', '2021-11-15', false);
insert into comments (comment_id, post_id, user_id, comment, creation_date, is_confirmed) values (9, 92, 1, 'Curabitur at ipsum ac tellus semper interdum. Mauris ullamcorper purus sit amet nulla. Quisque arcu libero, rutrum ac, lobortis vel, dapibus at, diam.', '2010-09-01', false);
insert into comments (comment_id, post_id, user_id, comment, creation_date, is_confirmed) values (10, 15, null, 'Praesent blandit. Nam nulla.', '2003-05-18', true);
insert into comments (comment_id, post_id, user_id, comment, creation_date, is_confirmed) values (11, 59, 2, 'Integer tincidunt ante vel ipsum. Praesent blandit lacinia erat. Vestibulum sed magna at nunc commodo placerat. Praesent blandit. Nam nulla. Integer pede justo, lacinia eget, tincidunt eget, tempus vel, pede. Morbi porttitor lorem id ligula. Suspendisse ornare consequat lectus. In est risus, auctor sed, tristique in, tempus sit amet, sem. Fusce consequat.', '2000-11-08', null);
insert into comments (comment_id, post_id, user_id, comment, creation_date, is_confirmed) values (12, 60, null, 'Nulla justo. Aliquam quis turpis eget elit sodales scelerisque.', '2009-06-08', false);
insert into comments (comment_id, post_id, user_id, comment, creation_date, is_confirmed) values (13, 7, 4, 'Sed sagittis. Nam congue, risus semper porta volutpat, quam pede lobortis ligula, sit amet eleifend pede libero quis orci. Nullam molestie nibh in lectus. Pellentesque at nulla. Suspendisse potenti. Cras in purus eu magna vulputate luctus.', '2002-04-22', null);
insert into comments (comment_id, post_id, user_id, comment, creation_date, is_confirmed) values (14, 60, 4, 'Sed sagittis. Nam congue, risus semper porta volutpat, quam pede lobortis ligula, sit amet eleifend pede libero quis orci. Nullam molestie nibh in lectus. Pellentesque at nulla. Suspendisse potenti. Cras in purus eu magna vulputate luctus. Cum sociis natoque penatibus et magnis dis parturient montes, nascetur ridiculus mus.', '2011-01-18', true);
insert into comments (comment_id, post_id, user_id, comment, creation_date, is_confirmed) values (15, 60, 1, 'Nulla tempus. Vivamus in felis eu sapien cursus vestibulum.', '2010-07-30', false);
insert into comments (comment_id, post_id, user_id, comment, creation_date, is_confirmed) values (16, 26, null, 'Vivamus vestibulum sagittis sapien. Cum sociis natoque penatibus et magnis dis parturient montes, nascetur ridiculus mus. Etiam vel augue. Vestibulum rutrum rutrum neque.', '2007-04-06', null);
insert into comments (comment_id, post_id, user_id, comment, creation_date, is_confirmed) values (17, 2, 2, 'In hac habitasse platea dictumst. Etiam faucibus cursus urna. Ut tellus. Nulla ut erat id mauris vulputate elementum. Nullam varius. Nulla facilisi. Cras non velit nec nisi vulputate nonummy. Maecenas tincidunt lacus at velit. Vivamus vel nulla eget eros elementum pellentesque.', '2022-04-12', true);
insert into comments (comment_id, post_id, user_id, comment, creation_date, is_confirmed) values (18, 97, null, 'Aliquam sit amet diam in magna bibendum imperdiet.', '2004-09-28', false);
insert into comments (comment_id, post_id, user_id, comment, creation_date, is_confirmed) values (19, 63, null, 'Fusce consequat. Nulla nisl. Nunc nisl. Duis bibendum, felis sed interdum venenatis, turpis enim blandit mi, in porttitor pede justo eu massa. Donec dapibus. Duis at velit eu est congue elementum. In hac habitasse platea dictumst.', '2005-12-21', false);
insert into comments (comment_id, post_id, user_id, comment, creation_date, is_confirmed) values (20, 8, 1, 'Aenean lectus. Pellentesque eget nunc. Donec quis orci eget orci vehicula condimentum. Curabitur in libero ut massa volutpat convallis. Morbi odio odio, elementum eu, interdum eu, tincidunt in, leo. Maecenas pulvinar lobortis est. Phasellus sit amet erat.', '2014-10-06', true);
insert into comments (comment_id, post_id, user_id, comment, creation_date, is_confirmed) values (21, 78, 1, 'Duis ac nibh.', '2014-04-02', false);
insert into comments (comment_id, post_id, user_id, comment, creation_date, is_confirmed) values (22, 66, 3, 'Nullam porttitor lacus at turpis.', '2015-09-25', null);
insert into comments (comment_id, post_id, user_id, comment, creation_date, is_confirmed) values (23, 70, 5, 'Morbi vel lectus in quam fringilla rhoncus. Mauris enim leo, rhoncus sed, vestibulum sit amet, cursus id, turpis.', '2000-05-16', null);
insert into comments (comment_id, post_id, user_id, comment, creation_date, is_confirmed) values (24, 40, 4, 'Sed vel enim sit amet nunc viverra dapibus. Nulla suscipit ligula in lacus. Curabitur at ipsum ac tellus semper interdum.', '2008-04-16', null);
insert into comments (comment_id, post_id, user_id, comment, creation_date, is_confirmed) values (25, 7, null, 'Aliquam non mauris. Morbi non lectus. Aliquam sit amet diam in magna bibendum imperdiet. Nullam orci pede, venenatis non, sodales sed, tincidunt eu, felis. Fusce posuere felis sed lacus. Morbi sem mauris, laoreet ut, rhoncus aliquet, pulvinar sed, nisl. Nunc rhoncus dui vel sem. Sed sagittis. Nam congue, risus semper porta volutpat, quam pede lobortis ligula, sit amet eleifend pede libero quis orci.', '2020-05-25', null);
insert into comments (comment_id, post_id, user_id, comment, creation_date, is_confirmed) values (26, 83, 5, 'Etiam vel augue. Vestibulum rutrum rutrum neque. Aenean auctor gravida sem. Praesent id massa id nisl venenatis lacinia. Aenean sit amet justo. Morbi ut odio. Cras mi pede, malesuada in, imperdiet et, commodo vulputate, justo.', '2007-11-28', true);
insert into comments (comment_id, post_id, user_id, comment, creation_date, is_confirmed) values (27, 5, 1, 'Nam congue, risus semper porta volutpat, quam pede lobortis ligula, sit amet eleifend pede libero quis orci. Nullam molestie nibh in lectus. Pellentesque at nulla. Suspendisse potenti. Cras in purus eu magna vulputate luctus. Cum sociis natoque penatibus et magnis dis parturient montes, nascetur ridiculus mus. Vivamus vestibulum sagittis sapien. Cum sociis natoque penatibus et magnis dis parturient montes, nascetur ridiculus mus. Etiam vel augue. Vestibulum rutrum rutrum neque.', '2003-09-29', true);
insert into comments (comment_id, post_id, user_id, comment, creation_date, is_confirmed) values (28, 75, 3, 'Mauris sit amet eros. Suspendisse accumsan tortor quis turpis. Sed ante. Vivamus tortor. Duis mattis egestas metus. Aenean fermentum.', '2013-08-14', true);
insert into comments (comment_id, post_id, user_id, comment, creation_date, is_confirmed) values (29, 60, 2, 'Donec semper sapien a libero. Nam dui. Proin leo odio, porttitor id, consequat in, consequat ut, nulla. Sed accumsan felis. Ut at dolor quis odio consequat varius. Integer ac leo. Pellentesque ultrices mattis odio. Donec vitae nisi. Nam ultrices, libero non mattis pulvinar, nulla pede ullamcorper augue, a suscipit nulla elit ac nulla. Sed vel enim sit amet nunc viverra dapibus.', '2009-08-21', true);
insert into comments (comment_id, post_id, user_id, comment, creation_date, is_confirmed) values (30, 61, 4, 'Nam ultrices, libero non mattis pulvinar, nulla pede ullamcorper augue, a suscipit nulla elit ac nulla. Sed vel enim sit amet nunc viverra dapibus. Nulla suscipit ligula in lacus. Curabitur at ipsum ac tellus semper interdum. Mauris ullamcorper purus sit amet nulla.', '2002-06-07', true);
insert into comments (comment_id, post_id, user_id, comment, creation_date, is_confirmed) values (31, 67, 3, 'In hac habitasse platea dictumst. Maecenas ut massa quis augue luctus tincidunt. Nulla mollis molestie lorem.', '2012-11-07', false);
insert into comments (comment_id, post_id, user_id, comment, creation_date, is_confirmed) values (32, 82, null, 'Integer ac leo. Pellentesque ultrices mattis odio. Donec vitae nisi. Nam ultrices, libero non mattis pulvinar, nulla pede ullamcorper augue, a suscipit nulla elit ac nulla. Sed vel enim sit amet nunc viverra dapibus. Nulla suscipit ligula in lacus. Curabitur at ipsum ac tellus semper interdum. Mauris ullamcorper purus sit amet nulla. Quisque arcu libero, rutrum ac, lobortis vel, dapibus at, diam. Nam tristique tortor eu pede.', '2018-07-26', true);
insert into comments (comment_id, post_id, user_id, comment, creation_date, is_confirmed) values (33, 3, 5, 'Nulla facilisi. Cras non velit nec nisi vulputate nonummy.', '2011-02-28', null);
insert into comments (comment_id, post_id, user_id, comment, creation_date, is_confirmed) values (34, 98, 5, 'Nulla tempus. Vivamus in felis eu sapien cursus vestibulum.', '2002-03-23', true);
insert into comments (comment_id, post_id, user_id, comment, creation_date, is_confirmed) values (35, 95, 5, 'Morbi quis tortor id nulla ultrices aliquet. Maecenas leo odio, condimentum id, luctus nec, molestie sed, justo. Pellentesque viverra pede ac diam. Cras pellentesque volutpat dui. Maecenas tristique, est et tempus semper, est quam pharetra magna, ac consequat metus sapien ut nunc.', '2011-10-01', true);
insert into comments (comment_id, post_id, user_id, comment, creation_date, is_confirmed) values (36, 67, 3, 'Nulla suscipit ligula in lacus. Curabitur at ipsum ac tellus semper interdum. Mauris ullamcorper purus sit amet nulla. Quisque arcu libero, rutrum ac, lobortis vel, dapibus at, diam. Nam tristique tortor eu pede.', '2017-12-01', true);
insert into comments (comment_id, post_id, user_id, comment, creation_date, is_confirmed) values (37, 63, 5, 'In hac habitasse platea dictumst. Etiam faucibus cursus urna. Ut tellus. Nulla ut erat id mauris vulputate elementum. Nullam varius.', '2012-11-07', true);
insert into comments (comment_id, post_id, user_id, comment, creation_date, is_confirmed) values (38, 87, 5, 'Nunc rhoncus dui vel sem.', '2018-12-22', true);
insert into comments (comment_id, post_id, user_id, comment, creation_date, is_confirmed) values (39, 24, null, 'Nullam orci pede, venenatis non, sodales sed, tincidunt eu, felis. Fusce posuere felis sed lacus. Morbi sem mauris, laoreet ut, rhoncus aliquet, pulvinar sed, nisl. Nunc rhoncus dui vel sem. Sed sagittis. Nam congue, risus semper porta volutpat, quam pede lobortis ligula, sit amet eleifend pede libero quis orci.', '2008-11-28', false);
insert into comments (comment_id, post_id, user_id, comment, creation_date, is_confirmed) values (40, 1, 3, 'Mauris sit amet eros. Suspendisse accumsan tortor quis turpis. Sed ante. Vivamus tortor. Duis mattis egestas metus. Aenean fermentum. Donec ut mauris eget massa tempor convallis.', '2000-12-13', true);
insert into comments (comment_id, post_id, user_id, comment, creation_date, is_confirmed) values (41, 27, 4, 'Morbi a ipsum. Integer a nibh. In quis justo. Maecenas rhoncus aliquam lacus. Morbi quis tortor id nulla ultrices aliquet. Maecenas leo odio, condimentum id, luctus nec, molestie sed, justo.', '2016-05-04', false);
insert into comments (comment_id, post_id, user_id, comment, creation_date, is_confirmed) values (42, 98, 2, 'Sed ante. Vivamus tortor. Duis mattis egestas metus. Aenean fermentum. Donec ut mauris eget massa tempor convallis. Nulla neque libero, convallis eget, eleifend luctus, ultricies eu, nibh. Quisque id justo sit amet sapien dignissim vestibulum. Vestibulum ante ipsum primis in faucibus orci luctus et ultrices posuere cubilia Curae; Nulla dapibus dolor vel est. Donec odio justo, sollicitudin ut, suscipit a, feugiat et, eros. Vestibulum ac est lacinia nisi venenatis tristique.', '2004-09-21', false);
insert into comments (comment_id, post_id, user_id, comment, creation_date, is_confirmed) values (43, 50, 2, 'Nulla ut erat id mauris vulputate elementum. Nullam varius. Nulla facilisi. Cras non velit nec nisi vulputate nonummy.', '2019-09-28', false);
insert into comments (comment_id, post_id, user_id, comment, creation_date, is_confirmed) values (44, 66, 4, 'Praesent lectus. Vestibulum quam sapien, varius ut, blandit non, interdum in, ante. Vestibulum ante ipsum primis in faucibus orci luctus et ultrices posuere cubilia Curae; Duis faucibus accumsan odio. Curabitur convallis. Duis consequat dui nec nisi volutpat eleifend. Donec ut dolor. Morbi vel lectus in quam fringilla rhoncus. Mauris enim leo, rhoncus sed, vestibulum sit amet, cursus id, turpis.', '2015-12-10', true);
insert into comments (comment_id, post_id, user_id, comment, creation_date, is_confirmed) values (45, 26, 1, 'Praesent blandit. Nam nulla. Integer pede justo, lacinia eget, tincidunt eget, tempus vel, pede. Morbi porttitor lorem id ligula. Suspendisse ornare consequat lectus. In est risus, auctor sed, tristique in, tempus sit amet, sem. Fusce consequat. Nulla nisl.', '2008-08-23', null);
insert into comments (comment_id, post_id, user_id, comment, creation_date, is_confirmed) values (46, 93, 5, 'Suspendisse ornare consequat lectus. In est risus, auctor sed, tristique in, tempus sit amet, sem. Fusce consequat. Nulla nisl. Nunc nisl. Duis bibendum, felis sed interdum venenatis, turpis enim blandit mi, in porttitor pede justo eu massa. Donec dapibus. Duis at velit eu est congue elementum. In hac habitasse platea dictumst.', '2007-07-21', null);
insert into comments (comment_id, post_id, user_id, comment, creation_date, is_confirmed) values (47, 19, 2, 'Maecenas tristique, est et tempus semper, est quam pharetra magna, ac consequat metus sapien ut nunc. Vestibulum ante ipsum primis in faucibus orci luctus et ultrices posuere cubilia Curae; Mauris viverra diam vitae quam. Suspendisse potenti. Nullam porttitor lacus at turpis. Donec posuere metus vitae ipsum. Aliquam non mauris. Morbi non lectus. Aliquam sit amet diam in magna bibendum imperdiet.', '2020-08-19', false);
insert into comments (comment_id, post_id, user_id, comment, creation_date, is_confirmed) values (48, 63, 1, 'Pellentesque viverra pede ac diam. Cras pellentesque volutpat dui. Maecenas tristique, est et tempus semper, est quam pharetra magna, ac consequat metus sapien ut nunc. Vestibulum ante ipsum primis in faucibus orci luctus et ultrices posuere cubilia Curae; Mauris viverra diam vitae quam. Suspendisse potenti. Nullam porttitor lacus at turpis. Donec posuere metus vitae ipsum. Aliquam non mauris.', '2003-07-06', false);
insert into comments (comment_id, post_id, user_id, comment, creation_date, is_confirmed) values (49, 65, 4, 'Quisque id justo sit amet sapien dignissim vestibulum. Vestibulum ante ipsum primis in faucibus orci luctus et ultrices posuere cubilia Curae; Nulla dapibus dolor vel est. Donec odio justo, sollicitudin ut, suscipit a, feugiat et, eros.', '2005-09-06', true);
insert into comments (comment_id, post_id, user_id, comment, creation_date, is_confirmed) values (50, 44, 5, 'Quisque arcu libero, rutrum ac, lobortis vel, dapibus at, diam.', '2020-12-11', null);
insert into comments (comment_id, post_id, user_id, comment, creation_date, is_confirmed) values (51, 19, null, 'Nunc rhoncus dui vel sem.', '2003-06-21', null);
insert into comments (comment_id, post_id, user_id, comment, creation_date, is_confirmed) values (52, 17, 3, 'Etiam vel augue. Vestibulum rutrum rutrum neque. Aenean auctor gravida sem. Praesent id massa id nisl venenatis lacinia. Aenean sit amet justo. Morbi ut odio.', '2016-08-10', null);
insert into comments (comment_id, post_id, user_id, comment, creation_date, is_confirmed) values (53, 44, 4, 'Praesent lectus. Vestibulum quam sapien, varius ut, blandit non, interdum in, ante.', '2015-05-16', true);
insert into comments (comment_id, post_id, user_id, comment, creation_date, is_confirmed) values (54, 65, 1, 'Integer pede justo, lacinia eget, tincidunt eget, tempus vel, pede. Morbi porttitor lorem id ligula. Suspendisse ornare consequat lectus. In est risus, auctor sed, tristique in, tempus sit amet, sem. Fusce consequat. Nulla nisl. Nunc nisl.', '2004-12-05', true);
insert into comments (comment_id, post_id, user_id, comment, creation_date, is_confirmed) values (55, 41, 4, 'Fusce consequat. Nulla nisl. Nunc nisl. Duis bibendum, felis sed interdum venenatis, turpis enim blandit mi, in porttitor pede justo eu massa. Donec dapibus. Duis at velit eu est congue elementum. In hac habitasse platea dictumst. Morbi vestibulum, velit id pretium iaculis, diam erat fermentum justo, nec condimentum neque sapien placerat ante. Nulla justo.', '2018-10-17', true);
insert into comments (comment_id, post_id, user_id, comment, creation_date, is_confirmed) values (56, 70, 1, 'Ut at dolor quis odio consequat varius. Integer ac leo. Pellentesque ultrices mattis odio. Donec vitae nisi. Nam ultrices, libero non mattis pulvinar, nulla pede ullamcorper augue, a suscipit nulla elit ac nulla. Sed vel enim sit amet nunc viverra dapibus. Nulla suscipit ligula in lacus.', '2002-10-30', false);
insert into comments (comment_id, post_id, user_id, comment, creation_date, is_confirmed) values (57, 23, null, 'In hac habitasse platea dictumst. Etiam faucibus cursus urna. Ut tellus. Nulla ut erat id mauris vulputate elementum. Nullam varius. Nulla facilisi.', '2007-03-19', false);
insert into comments (comment_id, post_id, user_id, comment, creation_date, is_confirmed) values (58, 93, 4, 'Mauris lacinia sapien quis libero. Nullam sit amet turpis elementum ligula vehicula consequat. Morbi a ipsum. Integer a nibh. In quis justo. Maecenas rhoncus aliquam lacus. Morbi quis tortor id nulla ultrices aliquet. Maecenas leo odio, condimentum id, luctus nec, molestie sed, justo. Pellentesque viverra pede ac diam. Cras pellentesque volutpat dui.', '2019-04-01', false);
insert into comments (comment_id, post_id, user_id, comment, creation_date, is_confirmed) values (59, 27, 5, 'Maecenas tristique, est et tempus semper, est quam pharetra magna, ac consequat metus sapien ut nunc. Vestibulum ante ipsum primis in faucibus orci luctus et ultrices posuere cubilia Curae; Mauris viverra diam vitae quam. Suspendisse potenti. Nullam porttitor lacus at turpis. Donec posuere metus vitae ipsum. Aliquam non mauris. Morbi non lectus. Aliquam sit amet diam in magna bibendum imperdiet. Nullam orci pede, venenatis non, sodales sed, tincidunt eu, felis.', '2010-01-29', null);
insert into comments (comment_id, post_id, user_id, comment, creation_date, is_confirmed) values (60, 43, 1, 'Lorem ipsum dolor sit amet, consectetuer adipiscing elit.', '2008-07-21', null);
insert into comments (comment_id, post_id, user_id, comment, creation_date, is_confirmed) values (61, 75, 5, 'Duis consequat dui nec nisi volutpat eleifend. Donec ut dolor.', '2020-04-14', false);
insert into comments (comment_id, post_id, user_id, comment, creation_date, is_confirmed) values (62, 43, 3, 'Maecenas tincidunt lacus at velit. Vivamus vel nulla eget eros elementum pellentesque. Quisque porta volutpat erat. Quisque erat eros, viverra eget, congue eget, semper rutrum, nulla. Nunc purus.', '2004-03-23', null);
insert into comments (comment_id, post_id, user_id, comment, creation_date, is_confirmed) values (63, 92, 5, 'Aenean fermentum. Donec ut mauris eget massa tempor convallis. Nulla neque libero, convallis eget, eleifend luctus, ultricies eu, nibh. Quisque id justo sit amet sapien dignissim vestibulum.', '2004-07-11', null);
insert into comments (comment_id, post_id, user_id, comment, creation_date, is_confirmed) values (64, 23, 3, 'Morbi vestibulum, velit id pretium iaculis, diam erat fermentum justo, nec condimentum neque sapien placerat ante. Nulla justo. Aliquam quis turpis eget elit sodales scelerisque. Mauris sit amet eros. Suspendisse accumsan tortor quis turpis. Sed ante. Vivamus tortor. Duis mattis egestas metus. Aenean fermentum.', '2000-10-08', null);
insert into comments (comment_id, post_id, user_id, comment, creation_date, is_confirmed) values (65, 83, 4, 'Fusce consequat. Nulla nisl. Nunc nisl. Duis bibendum, felis sed interdum venenatis, turpis enim blandit mi, in porttitor pede justo eu massa. Donec dapibus. Duis at velit eu est congue elementum.', '2014-03-04', null);
insert into comments (comment_id, post_id, user_id, comment, creation_date, is_confirmed) values (66, 78, 2, 'Cum sociis natoque penatibus et magnis dis parturient montes, nascetur ridiculus mus. Etiam vel augue. Vestibulum rutrum rutrum neque. Aenean auctor gravida sem. Praesent id massa id nisl venenatis lacinia. Aenean sit amet justo. Morbi ut odio. Cras mi pede, malesuada in, imperdiet et, commodo vulputate, justo.', '2014-10-19', false);
insert into comments (comment_id, post_id, user_id, comment, creation_date, is_confirmed) values (67, 61, 4, 'Quisque erat eros, viverra eget, congue eget, semper rutrum, nulla. Nunc purus. Phasellus in felis. Donec semper sapien a libero. Nam dui.', '2005-03-24', false);
insert into comments (comment_id, post_id, user_id, comment, creation_date, is_confirmed) values (68, 15, 3, 'Nullam molestie nibh in lectus. Pellentesque at nulla. Suspendisse potenti. Cras in purus eu magna vulputate luctus.', '2020-09-01', false);
insert into comments (comment_id, post_id, user_id, comment, creation_date, is_confirmed) values (69, 9, 1, 'Nullam varius. Nulla facilisi. Cras non velit nec nisi vulputate nonummy. Maecenas tincidunt lacus at velit. Vivamus vel nulla eget eros elementum pellentesque. Quisque porta volutpat erat. Quisque erat eros, viverra eget, congue eget, semper rutrum, nulla. Nunc purus. Phasellus in felis. Donec semper sapien a libero.', '2002-12-13', true);
insert into comments (comment_id, post_id, user_id, comment, creation_date, is_confirmed) values (70, 73, 5, 'Vestibulum sed magna at nunc commodo placerat. Praesent blandit. Nam nulla.', '2012-04-19', false);
insert into comments (comment_id, post_id, user_id, comment, creation_date, is_confirmed) values (71, 42, 4, 'Aenean fermentum. Donec ut mauris eget massa tempor convallis. Nulla neque libero, convallis eget, eleifend luctus, ultricies eu, nibh.', '2005-08-15', null);
insert into comments (comment_id, post_id, user_id, comment, creation_date, is_confirmed) values (72, 87, null, 'Sed ante. Vivamus tortor. Duis mattis egestas metus. Aenean fermentum. Donec ut mauris eget massa tempor convallis. Nulla neque libero, convallis eget, eleifend luctus, ultricies eu, nibh. Quisque id justo sit amet sapien dignissim vestibulum. Vestibulum ante ipsum primis in faucibus orci luctus et ultrices posuere cubilia Curae; Nulla dapibus dolor vel est. Donec odio justo, sollicitudin ut, suscipit a, feugiat et, eros.', '2005-02-02', false);
insert into comments (comment_id, post_id, user_id, comment, creation_date, is_confirmed) values (73, 66, 4, 'Vestibulum ante ipsum primis in faucibus orci luctus et ultrices posuere cubilia Curae; Nulla dapibus dolor vel est. Donec odio justo, sollicitudin ut, suscipit a, feugiat et, eros. Vestibulum ac est lacinia nisi venenatis tristique. Fusce congue, diam id ornare imperdiet, sapien urna pretium nisl, ut volutpat sapien arcu sed augue. Aliquam erat volutpat. In congue. Etiam justo. Etiam pretium iaculis justo.', '2008-08-27', true);
insert into comments (comment_id, post_id, user_id, comment, creation_date, is_confirmed) values (74, 13, 4, 'Integer a nibh. In quis justo. Maecenas rhoncus aliquam lacus.', '2018-12-02', true);
insert into comments (comment_id, post_id, user_id, comment, creation_date, is_confirmed) values (75, 83, 2, 'In blandit ultrices enim. Lorem ipsum dolor sit amet, consectetuer adipiscing elit. Proin interdum mauris non ligula pellentesque ultrices. Phasellus id sapien in sapien iaculis congue. Vivamus metus arcu, adipiscing molestie, hendrerit at, vulputate vitae, nisl. Aenean lectus. Pellentesque eget nunc. Donec quis orci eget orci vehicula condimentum. Curabitur in libero ut massa volutpat convallis. Morbi odio odio, elementum eu, interdum eu, tincidunt in, leo.', '2003-01-27', true);
insert into comments (comment_id, post_id, user_id, comment, creation_date, is_confirmed) values (76, 3, null, 'Nam dui. Proin leo odio, porttitor id, consequat in, consequat ut, nulla. Sed accumsan felis. Ut at dolor quis odio consequat varius. Integer ac leo. Pellentesque ultrices mattis odio. Donec vitae nisi. Nam ultrices, libero non mattis pulvinar, nulla pede ullamcorper augue, a suscipit nulla elit ac nulla.', '2004-03-15', false);
insert into comments (comment_id, post_id, user_id, comment, creation_date, is_confirmed) values (77, 74, 4, 'Nulla facilisi. Cras non velit nec nisi vulputate nonummy. Maecenas tincidunt lacus at velit. Vivamus vel nulla eget eros elementum pellentesque. Quisque porta volutpat erat. Quisque erat eros, viverra eget, congue eget, semper rutrum, nulla. Nunc purus. Phasellus in felis. Donec semper sapien a libero.', '2022-07-31', true);
insert into comments (comment_id, post_id, user_id, comment, creation_date, is_confirmed) values (78, 98, null, 'In tempor, turpis nec euismod scelerisque, quam turpis adipiscing lorem, vitae mattis nibh ligula nec sem. Duis aliquam convallis nunc. Proin at turpis a pede posuere nonummy. Integer non velit. Donec diam neque, vestibulum eget, vulputate ut, ultrices vel, augue. Vestibulum ante ipsum primis in faucibus orci luctus et ultrices posuere cubilia Curae; Donec pharetra, magna vestibulum aliquet ultrices, erat tortor sollicitudin mi, sit amet lobortis sapien sapien non mi. Integer ac neque. Duis bibendum. Morbi non quam nec dui luctus rutrum. Nulla tellus.', '2011-08-26', true);
insert into comments (comment_id, post_id, user_id, comment, creation_date, is_confirmed) values (79, 56, 3, 'In quis justo. Maecenas rhoncus aliquam lacus. Morbi quis tortor id nulla ultrices aliquet. Maecenas leo odio, condimentum id, luctus nec, molestie sed, justo. Pellentesque viverra pede ac diam. Cras pellentesque volutpat dui. Maecenas tristique, est et tempus semper, est quam pharetra magna, ac consequat metus sapien ut nunc.', '2015-10-31', null);
insert into comments (comment_id, post_id, user_id, comment, creation_date, is_confirmed) values (80, 67, null, 'In congue. Etiam justo. Etiam pretium iaculis justo. In hac habitasse platea dictumst. Etiam faucibus cursus urna.', '2001-03-22', true);
insert into comments (comment_id, post_id, user_id, comment, creation_date, is_confirmed) values (81, 1, 5, 'Proin interdum mauris non ligula pellentesque ultrices. Phasellus id sapien in sapien iaculis congue. Vivamus metus arcu, adipiscing molestie, hendrerit at, vulputate vitae, nisl. Aenean lectus. Pellentesque eget nunc. Donec quis orci eget orci vehicula condimentum. Curabitur in libero ut massa volutpat convallis. Morbi odio odio, elementum eu, interdum eu, tincidunt in, leo. Maecenas pulvinar lobortis est. Phasellus sit amet erat.', '2016-07-02', false);
insert into comments (comment_id, post_id, user_id, comment, creation_date, is_confirmed) values (82, 75, null, 'Nunc nisl. Duis bibendum, felis sed interdum venenatis, turpis enim blandit mi, in porttitor pede justo eu massa. Donec dapibus. Duis at velit eu est congue elementum. In hac habitasse platea dictumst. Morbi vestibulum, velit id pretium iaculis, diam erat fermentum justo, nec condimentum neque sapien placerat ante. Nulla justo. Aliquam quis turpis eget elit sodales scelerisque. Mauris sit amet eros. Suspendisse accumsan tortor quis turpis.', '2009-10-14', false);
insert into comments (comment_id, post_id, user_id, comment, creation_date, is_confirmed) values (83, 52, 4, 'Quisque ut erat. Curabitur gravida nisi at nibh. In hac habitasse platea dictumst. Aliquam augue quam, sollicitudin vitae, consectetuer eget, rutrum at, lorem.', '2010-05-14', true);
insert into comments (comment_id, post_id, user_id, comment, creation_date, is_confirmed) values (84, 89, null, 'In hac habitasse platea dictumst. Morbi vestibulum, velit id pretium iaculis, diam erat fermentum justo, nec condimentum neque sapien placerat ante. Nulla justo.', '2021-05-16', true);
insert into comments (comment_id, post_id, user_id, comment, creation_date, is_confirmed) values (85, 65, 2, 'Donec ut dolor. Morbi vel lectus in quam fringilla rhoncus. Mauris enim leo, rhoncus sed, vestibulum sit amet, cursus id, turpis. Integer aliquet, massa id lobortis convallis, tortor risus dapibus augue, vel accumsan tellus nisi eu orci. Mauris lacinia sapien quis libero. Nullam sit amet turpis elementum ligula vehicula consequat. Morbi a ipsum. Integer a nibh. In quis justo. Maecenas rhoncus aliquam lacus.', '2015-07-26', true);
insert into comments (comment_id, post_id, user_id, comment, creation_date, is_confirmed) values (86, 90, 3, 'Aliquam sit amet diam in magna bibendum imperdiet. Nullam orci pede, venenatis non, sodales sed, tincidunt eu, felis. Fusce posuere felis sed lacus. Morbi sem mauris, laoreet ut, rhoncus aliquet, pulvinar sed, nisl. Nunc rhoncus dui vel sem. Sed sagittis. Nam congue, risus semper porta volutpat, quam pede lobortis ligula, sit amet eleifend pede libero quis orci. Nullam molestie nibh in lectus. Pellentesque at nulla.', '2022-03-13', true);
insert into comments (comment_id, post_id, user_id, comment, creation_date, is_confirmed) values (87, 50, 3, 'Lorem ipsum dolor sit amet, consectetuer adipiscing elit. Proin interdum mauris non ligula pellentesque ultrices. Phasellus id sapien in sapien iaculis congue. Vivamus metus arcu, adipiscing molestie, hendrerit at, vulputate vitae, nisl. Aenean lectus. Pellentesque eget nunc. Donec quis orci eget orci vehicula condimentum. Curabitur in libero ut massa volutpat convallis.', '2001-08-12', null);
insert into comments (comment_id, post_id, user_id, comment, creation_date, is_confirmed) values (88, 92, null, 'Nulla neque libero, convallis eget, eleifend luctus, ultricies eu, nibh. Quisque id justo sit amet sapien dignissim vestibulum. Vestibulum ante ipsum primis in faucibus orci luctus et ultrices posuere cubilia Curae; Nulla dapibus dolor vel est.', '2009-07-23', null);
insert into comments (comment_id, post_id, user_id, comment, creation_date, is_confirmed) values (89, 97, 5, 'Nullam molestie nibh in lectus. Pellentesque at nulla. Suspendisse potenti.', '2010-06-09', false);
insert into comments (comment_id, post_id, user_id, comment, creation_date, is_confirmed) values (90, 41, null, 'In sagittis dui vel nisl. Duis ac nibh. Fusce lacus purus, aliquet at, feugiat non, pretium quis, lectus. Suspendisse potenti.', '2013-06-01', true);
insert into comments (comment_id, post_id, user_id, comment, creation_date, is_confirmed) values (91, 17, null, 'Nam congue, risus semper porta volutpat, quam pede lobortis ligula, sit amet eleifend pede libero quis orci. Nullam molestie nibh in lectus. Pellentesque at nulla. Suspendisse potenti. Cras in purus eu magna vulputate luctus. Cum sociis natoque penatibus et magnis dis parturient montes, nascetur ridiculus mus. Vivamus vestibulum sagittis sapien. Cum sociis natoque penatibus et magnis dis parturient montes, nascetur ridiculus mus. Etiam vel augue. Vestibulum rutrum rutrum neque.', '2003-03-05', false);
insert into comments (comment_id, post_id, user_id, comment, creation_date, is_confirmed) values (92, 93, 2, 'Aenean auctor gravida sem. Praesent id massa id nisl venenatis lacinia. Aenean sit amet justo. Morbi ut odio. Cras mi pede, malesuada in, imperdiet et, commodo vulputate, justo. In blandit ultrices enim. Lorem ipsum dolor sit amet, consectetuer adipiscing elit. Proin interdum mauris non ligula pellentesque ultrices. Phasellus id sapien in sapien iaculis congue. Vivamus metus arcu, adipiscing molestie, hendrerit at, vulputate vitae, nisl.', '2003-10-12', null);
insert into comments (comment_id, post_id, user_id, comment, creation_date, is_confirmed) values (93, 66, 5, 'Integer aliquet, massa id lobortis convallis, tortor risus dapibus augue, vel accumsan tellus nisi eu orci. Mauris lacinia sapien quis libero. Nullam sit amet turpis elementum ligula vehicula consequat.', '2014-05-20', null);
insert into comments (comment_id, post_id, user_id, comment, creation_date, is_confirmed) values (94, 80, 4, 'Cras pellentesque volutpat dui. Maecenas tristique, est et tempus semper, est quam pharetra magna, ac consequat metus sapien ut nunc. Vestibulum ante ipsum primis in faucibus orci luctus et ultrices posuere cubilia Curae; Mauris viverra diam vitae quam. Suspendisse potenti. Nullam porttitor lacus at turpis. Donec posuere metus vitae ipsum. Aliquam non mauris. Morbi non lectus. Aliquam sit amet diam in magna bibendum imperdiet. Nullam orci pede, venenatis non, sodales sed, tincidunt eu, felis.', '2011-05-26', true);
insert into comments (comment_id, post_id, user_id, comment, creation_date, is_confirmed) values (95, 26, 3, 'Nulla mollis molestie lorem. Quisque ut erat. Curabitur gravida nisi at nibh. In hac habitasse platea dictumst. Aliquam augue quam, sollicitudin vitae, consectetuer eget, rutrum at, lorem. Integer tincidunt ante vel ipsum. Praesent blandit lacinia erat. Vestibulum sed magna at nunc commodo placerat. Praesent blandit.', '2019-01-30', false);
insert into comments (comment_id, post_id, user_id, comment, creation_date, is_confirmed) values (96, 71, 3, 'Quisque id justo sit amet sapien dignissim vestibulum. Vestibulum ante ipsum primis in faucibus orci luctus et ultrices posuere cubilia Curae; Nulla dapibus dolor vel est. Donec odio justo, sollicitudin ut, suscipit a, feugiat et, eros. Vestibulum ac est lacinia nisi venenatis tristique. Fusce congue, diam id ornare imperdiet, sapien urna pretium nisl, ut volutpat sapien arcu sed augue. Aliquam erat volutpat. In congue. Etiam justo.', '2018-03-03', true);
insert into comments (comment_id, post_id, user_id, comment, creation_date, is_confirmed) values (97, 97, 2, 'In congue. Etiam justo. Etiam pretium iaculis justo. In hac habitasse platea dictumst. Etiam faucibus cursus urna. Ut tellus. Nulla ut erat id mauris vulputate elementum. Nullam varius. Nulla facilisi.', '2021-09-25', false);
insert into comments (comment_id, post_id, user_id, comment, creation_date, is_confirmed) values (98, 44, 2, 'In eleifend quam a odio. In hac habitasse platea dictumst. Maecenas ut massa quis augue luctus tincidunt. Nulla mollis molestie lorem.', '2014-06-25', null);
insert into comments (comment_id, post_id, user_id, comment, creation_date, is_confirmed) values (99, 23, 3, 'Sed sagittis. Nam congue, risus semper porta volutpat, quam pede lobortis ligula, sit amet eleifend pede libero quis orci. Nullam molestie nibh in lectus. Pellentesque at nulla. Suspendisse potenti. Cras in purus eu magna vulputate luctus. Cum sociis natoque penatibus et magnis dis parturient montes, nascetur ridiculus mus. Vivamus vestibulum sagittis sapien. Cum sociis natoque penatibus et magnis dis parturient montes, nascetur ridiculus mus.', '2021-12-17', true);
insert into comments (comment_id, post_id, user_id, comment, creation_date, is_confirmed) values (100, 35, 5, 'Donec diam neque, vestibulum eget, vulputate ut, ultrices vel, augue. Vestibulum ante ipsum primis in faucibus orci luctus et ultrices posuere cubilia Curae; Donec pharetra, magna vestibulum aliquet ultrices, erat tortor sollicitudin mi, sit amet lobortis sapien sapien non mi. Integer ac neque. Duis bibendum. Morbi non quam nec dui luctus rutrum.', '2015-10-19', true);
insert into comments (comment_id, post_id, user_id, comment, creation_date, is_confirmed) values (101, 44, 1, 'Donec vitae nisi. Nam ultrices, libero non mattis pulvinar, nulla pede ullamcorper augue, a suscipit nulla elit ac nulla. Sed vel enim sit amet nunc viverra dapibus. Nulla suscipit ligula in lacus. Curabitur at ipsum ac tellus semper interdum. Mauris ullamcorper purus sit amet nulla. Quisque arcu libero, rutrum ac, lobortis vel, dapibus at, diam. Nam tristique tortor eu pede.', '2017-10-16', true);
insert into comments (comment_id, post_id, user_id, comment, creation_date, is_confirmed) values (102, 67, 2, 'Morbi odio odio, elementum eu, interdum eu, tincidunt in, leo. Maecenas pulvinar lobortis est. Phasellus sit amet erat. Nulla tempus. Vivamus in felis eu sapien cursus vestibulum.', '2010-01-16', true);
insert into comments (comment_id, post_id, user_id, comment, creation_date, is_confirmed) values (103, 77, 3, 'Vestibulum ante ipsum primis in faucibus orci luctus et ultrices posuere cubilia Curae; Nulla dapibus dolor vel est. Donec odio justo, sollicitudin ut, suscipit a, feugiat et, eros. Vestibulum ac est lacinia nisi venenatis tristique. Fusce congue, diam id ornare imperdiet, sapien urna pretium nisl, ut volutpat sapien arcu sed augue. Aliquam erat volutpat. In congue.', '2015-04-28', true);
insert into comments (comment_id, post_id, user_id, comment, creation_date, is_confirmed) values (104, 95, 3, 'Duis mattis egestas metus. Aenean fermentum. Donec ut mauris eget massa tempor convallis.', '2007-05-22', null);
insert into comments (comment_id, post_id, user_id, comment, creation_date, is_confirmed) values (105, 2, 2, 'In est risus, auctor sed, tristique in, tempus sit amet, sem.', '2004-11-04', true);
insert into comments (comment_id, post_id, user_id, comment, creation_date, is_confirmed) values (106, 59, 1, 'Integer non velit. Donec diam neque, vestibulum eget, vulputate ut, ultrices vel, augue. Vestibulum ante ipsum primis in faucibus orci luctus et ultrices posuere cubilia Curae; Donec pharetra, magna vestibulum aliquet ultrices, erat tortor sollicitudin mi, sit amet lobortis sapien sapien non mi. Integer ac neque. Duis bibendum.', '2000-11-29', false);
insert into comments (comment_id, post_id, user_id, comment, creation_date, is_confirmed) values (107, 24, null, 'Nunc nisl. Duis bibendum, felis sed interdum venenatis, turpis enim blandit mi, in porttitor pede justo eu massa. Donec dapibus.', '2003-07-17', false);
insert into comments (comment_id, post_id, user_id, comment, creation_date, is_confirmed) values (108, 40, null, 'Vestibulum ante ipsum primis in faucibus orci luctus et ultrices posuere cubilia Curae; Mauris viverra diam vitae quam. Suspendisse potenti. Nullam porttitor lacus at turpis. Donec posuere metus vitae ipsum.', '2010-11-18', false);
insert into comments (comment_id, post_id, user_id, comment, creation_date, is_confirmed) values (109, 24, 3, 'Cras non velit nec nisi vulputate nonummy. Maecenas tincidunt lacus at velit. Vivamus vel nulla eget eros elementum pellentesque. Quisque porta volutpat erat. Quisque erat eros, viverra eget, congue eget, semper rutrum, nulla. Nunc purus.', '2000-06-16', false);
insert into comments (comment_id, post_id, user_id, comment, creation_date, is_confirmed) values (110, 95, null, 'Quisque ut erat.', '2014-09-24', true);
insert into comments (comment_id, post_id, user_id, comment, creation_date, is_confirmed) values (111, 26, 1, 'Sed vel enim sit amet nunc viverra dapibus. Nulla suscipit ligula in lacus. Curabitur at ipsum ac tellus semper interdum. Mauris ullamcorper purus sit amet nulla.', '2000-01-27', null);
insert into comments (comment_id, post_id, user_id, comment, creation_date, is_confirmed) values (112, 24, 1, 'Duis consequat dui nec nisi volutpat eleifend. Donec ut dolor. Morbi vel lectus in quam fringilla rhoncus. Mauris enim leo, rhoncus sed, vestibulum sit amet, cursus id, turpis.', '2010-05-27', false);
insert into comments (comment_id, post_id, user_id, comment, creation_date, is_confirmed) values (113, 27, 1, 'Nulla tellus.', '2015-05-28', false);
insert into comments (comment_id, post_id, user_id, comment, creation_date, is_confirmed) values (114, 93, 2, 'Donec semper sapien a libero. Nam dui. Proin leo odio, porttitor id, consequat in, consequat ut, nulla. Sed accumsan felis. Ut at dolor quis odio consequat varius. Integer ac leo.', '2005-03-09', false);
insert into comments (comment_id, post_id, user_id, comment, creation_date, is_confirmed) values (115, 13, null, 'Pellentesque eget nunc. Donec quis orci eget orci vehicula condimentum. Curabitur in libero ut massa volutpat convallis. Morbi odio odio, elementum eu, interdum eu, tincidunt in, leo. Maecenas pulvinar lobortis est. Phasellus sit amet erat. Nulla tempus.', '2007-04-16', null);
insert into comments (comment_id, post_id, user_id, comment, creation_date, is_confirmed) values (116, 75, 1, 'Aliquam augue quam, sollicitudin vitae, consectetuer eget, rutrum at, lorem. Integer tincidunt ante vel ipsum. Praesent blandit lacinia erat. Vestibulum sed magna at nunc commodo placerat. Praesent blandit. Nam nulla.', '2022-12-21', false);
insert into comments (comment_id, post_id, user_id, comment, creation_date, is_confirmed) values (117, 15, 5, 'Cras non velit nec nisi vulputate nonummy. Maecenas tincidunt lacus at velit. Vivamus vel nulla eget eros elementum pellentesque. Quisque porta volutpat erat.', '2011-06-23', null);
insert into comments (comment_id, post_id, user_id, comment, creation_date, is_confirmed) values (118, 12, 5, 'Integer non velit. Donec diam neque, vestibulum eget, vulputate ut, ultrices vel, augue. Vestibulum ante ipsum primis in faucibus orci luctus et ultrices posuere cubilia Curae; Donec pharetra, magna vestibulum aliquet ultrices, erat tortor sollicitudin mi, sit amet lobortis sapien sapien non mi. Integer ac neque. Duis bibendum. Morbi non quam nec dui luctus rutrum. Nulla tellus.', '2003-12-08', false);
insert into comments (comment_id, post_id, user_id, comment, creation_date, is_confirmed) values (119, 15, 4, 'Vestibulum quam sapien, varius ut, blandit non, interdum in, ante. Vestibulum ante ipsum primis in faucibus orci luctus et ultrices posuere cubilia Curae; Duis faucibus accumsan odio. Curabitur convallis. Duis consequat dui nec nisi volutpat eleifend. Donec ut dolor. Morbi vel lectus in quam fringilla rhoncus. Mauris enim leo, rhoncus sed, vestibulum sit amet, cursus id, turpis.', '2000-02-27', null);
insert into comments (comment_id, post_id, user_id, comment, creation_date, is_confirmed) values (120, 75, 4, 'In blandit ultrices enim. Lorem ipsum dolor sit amet, consectetuer adipiscing elit. Proin interdum mauris non ligula pellentesque ultrices. Phasellus id sapien in sapien iaculis congue. Vivamus metus arcu, adipiscing molestie, hendrerit at, vulputate vitae, nisl. Aenean lectus.', '2013-01-04', true);
insert into comments (comment_id, post_id, user_id, comment, creation_date, is_confirmed) values (121, 59, 2, 'Vestibulum ac est lacinia nisi venenatis tristique. Fusce congue, diam id ornare imperdiet, sapien urna pretium nisl, ut volutpat sapien arcu sed augue. Aliquam erat volutpat. In congue. Etiam justo. Etiam pretium iaculis justo. In hac habitasse platea dictumst. Etiam faucibus cursus urna. Ut tellus. Nulla ut erat id mauris vulputate elementum.', '2006-11-19', null);
insert into comments (comment_id, post_id, user_id, comment, creation_date, is_confirmed) values (122, 72, 3, 'Proin leo odio, porttitor id, consequat in, consequat ut, nulla. Sed accumsan felis. Ut at dolor quis odio consequat varius. Integer ac leo. Pellentesque ultrices mattis odio. Donec vitae nisi. Nam ultrices, libero non mattis pulvinar, nulla pede ullamcorper augue, a suscipit nulla elit ac nulla.', '2003-07-10', null);
insert into comments (comment_id, post_id, user_id, comment, creation_date, is_confirmed) values (123, 66, null, 'Proin interdum mauris non ligula pellentesque ultrices. Phasellus id sapien in sapien iaculis congue. Vivamus metus arcu, adipiscing molestie, hendrerit at, vulputate vitae, nisl. Aenean lectus. Pellentesque eget nunc. Donec quis orci eget orci vehicula condimentum. Curabitur in libero ut massa volutpat convallis. Morbi odio odio, elementum eu, interdum eu, tincidunt in, leo. Maecenas pulvinar lobortis est. Phasellus sit amet erat.', '2013-01-31', true);
insert into comments (comment_id, post_id, user_id, comment, creation_date, is_confirmed) values (124, 42, 5, 'Aliquam erat volutpat. In congue. Etiam justo. Etiam pretium iaculis justo. In hac habitasse platea dictumst. Etiam faucibus cursus urna. Ut tellus. Nulla ut erat id mauris vulputate elementum. Nullam varius. Nulla facilisi.', '2011-01-06', true);
insert into comments (comment_id, post_id, user_id, comment, creation_date, is_confirmed) values (125, 53, null, 'Quisque ut erat. Curabitur gravida nisi at nibh.', '2007-09-26', null);
insert into comments (comment_id, post_id, user_id, comment, creation_date, is_confirmed) values (126, 26, null, 'Morbi vel lectus in quam fringilla rhoncus. Mauris enim leo, rhoncus sed, vestibulum sit amet, cursus id, turpis.', '2010-10-30', false);
insert into comments (comment_id, post_id, user_id, comment, creation_date, is_confirmed) values (127, 60, null, 'Vivamus tortor. Duis mattis egestas metus. Aenean fermentum. Donec ut mauris eget massa tempor convallis. Nulla neque libero, convallis eget, eleifend luctus, ultricies eu, nibh. Quisque id justo sit amet sapien dignissim vestibulum. Vestibulum ante ipsum primis in faucibus orci luctus et ultrices posuere cubilia Curae; Nulla dapibus dolor vel est. Donec odio justo, sollicitudin ut, suscipit a, feugiat et, eros.', '2009-04-06', true);
insert into comments (comment_id, post_id, user_id, comment, creation_date, is_confirmed) values (128, 7, null, 'Vivamus metus arcu, adipiscing molestie, hendrerit at, vulputate vitae, nisl. Aenean lectus. Pellentesque eget nunc. Donec quis orci eget orci vehicula condimentum. Curabitur in libero ut massa volutpat convallis. Morbi odio odio, elementum eu, interdum eu, tincidunt in, leo. Maecenas pulvinar lobortis est. Phasellus sit amet erat. Nulla tempus.', '2003-02-25', null);
insert into comments (comment_id, post_id, user_id, comment, creation_date, is_confirmed) values (129, 75, 2, 'Praesent lectus. Vestibulum quam sapien, varius ut, blandit non, interdum in, ante. Vestibulum ante ipsum primis in faucibus orci luctus et ultrices posuere cubilia Curae; Duis faucibus accumsan odio.', '2007-12-09', false);
insert into comments (comment_id, post_id, user_id, comment, creation_date, is_confirmed) values (130, 35, null, 'Morbi porttitor lorem id ligula.', '2013-09-01', null);
insert into comments (comment_id, post_id, user_id, comment, creation_date, is_confirmed) values (131, 53, null, 'Sed accumsan felis. Ut at dolor quis odio consequat varius. Integer ac leo. Pellentesque ultrices mattis odio.', '2011-09-24', true);
insert into comments (comment_id, post_id, user_id, comment, creation_date, is_confirmed) values (132, 31, 2, 'Vestibulum ante ipsum primis in faucibus orci luctus et ultrices posuere cubilia Curae; Donec pharetra, magna vestibulum aliquet ultrices, erat tortor sollicitudin mi, sit amet lobortis sapien sapien non mi. Integer ac neque. Duis bibendum. Morbi non quam nec dui luctus rutrum. Nulla tellus. In sagittis dui vel nisl. Duis ac nibh. Fusce lacus purus, aliquet at, feugiat non, pretium quis, lectus.', '2011-05-31', null);
insert into comments (comment_id, post_id, user_id, comment, creation_date, is_confirmed) values (133, 1, 5, 'Suspendisse potenti. Cras in purus eu magna vulputate luctus. Cum sociis natoque penatibus et magnis dis parturient montes, nascetur ridiculus mus.', '2002-09-11', false);
insert into comments (comment_id, post_id, user_id, comment, creation_date, is_confirmed) values (134, 3, 2, 'Aenean fermentum. Donec ut mauris eget massa tempor convallis. Nulla neque libero, convallis eget, eleifend luctus, ultricies eu, nibh. Quisque id justo sit amet sapien dignissim vestibulum. Vestibulum ante ipsum primis in faucibus orci luctus et ultrices posuere cubilia Curae; Nulla dapibus dolor vel est. Donec odio justo, sollicitudin ut, suscipit a, feugiat et, eros. Vestibulum ac est lacinia nisi venenatis tristique.', '2009-05-03', false);
insert into comments (comment_id, post_id, user_id, comment, creation_date, is_confirmed) values (135, 83, null, 'Lorem ipsum dolor sit amet, consectetuer adipiscing elit. Proin risus. Praesent lectus. Vestibulum quam sapien, varius ut, blandit non, interdum in, ante.', '2007-03-14', true);
insert into comments (comment_id, post_id, user_id, comment, creation_date, is_confirmed) values (136, 83, null, 'Mauris enim leo, rhoncus sed, vestibulum sit amet, cursus id, turpis. Integer aliquet, massa id lobortis convallis, tortor risus dapibus augue, vel accumsan tellus nisi eu orci. Mauris lacinia sapien quis libero. Nullam sit amet turpis elementum ligula vehicula consequat. Morbi a ipsum. Integer a nibh. In quis justo. Maecenas rhoncus aliquam lacus. Morbi quis tortor id nulla ultrices aliquet. Maecenas leo odio, condimentum id, luctus nec, molestie sed, justo.', '2022-01-07', null);
insert into comments (comment_id, post_id, user_id, comment, creation_date, is_confirmed) values (137, 77, 2, 'Suspendisse potenti. In eleifend quam a odio.', '2009-01-09', true);
insert into comments (comment_id, post_id, user_id, comment, creation_date, is_confirmed) values (138, 34, 2, 'Nulla neque libero, convallis eget, eleifend luctus, ultricies eu, nibh. Quisque id justo sit amet sapien dignissim vestibulum.', '2014-01-15', false);
insert into comments (comment_id, post_id, user_id, comment, creation_date, is_confirmed) values (139, 71, 1, 'In hac habitasse platea dictumst. Morbi vestibulum, velit id pretium iaculis, diam erat fermentum justo, nec condimentum neque sapien placerat ante. Nulla justo. Aliquam quis turpis eget elit sodales scelerisque.', '2013-03-12', null);
insert into comments (comment_id, post_id, user_id, comment, creation_date, is_confirmed) values (140, 8, 1, 'Maecenas pulvinar lobortis est. Phasellus sit amet erat. Nulla tempus. Vivamus in felis eu sapien cursus vestibulum. Proin eu mi.', '2016-10-07', false);
insert into comments (comment_id, post_id, user_id, comment, creation_date, is_confirmed) values (141, 44, 3, 'Vestibulum ante ipsum primis in faucibus orci luctus et ultrices posuere cubilia Curae; Donec pharetra, magna vestibulum aliquet ultrices, erat tortor sollicitudin mi, sit amet lobortis sapien sapien non mi. Integer ac neque. Duis bibendum. Morbi non quam nec dui luctus rutrum.', '2008-08-08', false);
insert into comments (comment_id, post_id, user_id, comment, creation_date, is_confirmed) values (142, 71, null, 'Integer ac leo. Pellentesque ultrices mattis odio. Donec vitae nisi.', '2006-04-01', null);
insert into comments (comment_id, post_id, user_id, comment, creation_date, is_confirmed) values (143, 54, null, 'Morbi vestibulum, velit id pretium iaculis, diam erat fermentum justo, nec condimentum neque sapien placerat ante. Nulla justo. Aliquam quis turpis eget elit sodales scelerisque. Mauris sit amet eros. Suspendisse accumsan tortor quis turpis. Sed ante. Vivamus tortor. Duis mattis egestas metus.', '2001-06-06', false);
insert into comments (comment_id, post_id, user_id, comment, creation_date, is_confirmed) values (144, 83, 2, 'Integer a nibh. In quis justo. Maecenas rhoncus aliquam lacus. Morbi quis tortor id nulla ultrices aliquet. Maecenas leo odio, condimentum id, luctus nec, molestie sed, justo. Pellentesque viverra pede ac diam. Cras pellentesque volutpat dui. Maecenas tristique, est et tempus semper, est quam pharetra magna, ac consequat metus sapien ut nunc. Vestibulum ante ipsum primis in faucibus orci luctus et ultrices posuere cubilia Curae; Mauris viverra diam vitae quam.', '2003-10-12', false);
insert into comments (comment_id, post_id, user_id, comment, creation_date, is_confirmed) values (145, 7, 3, 'Aliquam quis turpis eget elit sodales scelerisque. Mauris sit amet eros. Suspendisse accumsan tortor quis turpis. Sed ante.', '2002-12-10', false);
insert into comments (comment_id, post_id, user_id, comment, creation_date, is_confirmed) values (146, 87, 2, 'Donec posuere metus vitae ipsum. Aliquam non mauris.', '2001-08-06', null);
insert into comments (comment_id, post_id, user_id, comment, creation_date, is_confirmed) values (147, 8, 5, 'In hac habitasse platea dictumst. Etiam faucibus cursus urna. Ut tellus. Nulla ut erat id mauris vulputate elementum. Nullam varius. Nulla facilisi. Cras non velit nec nisi vulputate nonummy.', '2009-08-24', true);
insert into comments (comment_id, post_id, user_id, comment, creation_date, is_confirmed) values (148, 77, null, 'In eleifend quam a odio. In hac habitasse platea dictumst. Maecenas ut massa quis augue luctus tincidunt.', '2015-05-07', true);
insert into comments (comment_id, post_id, user_id, comment, creation_date, is_confirmed) values (149, 74, 5, 'Mauris sit amet eros. Suspendisse accumsan tortor quis turpis. Sed ante. Vivamus tortor.', '2009-11-29', null);
insert into comments (comment_id, post_id, user_id, comment, creation_date, is_confirmed) values (150, 43, 1, 'Maecenas tincidunt lacus at velit. Vivamus vel nulla eget eros elementum pellentesque. Quisque porta volutpat erat. Quisque erat eros, viverra eget, congue eget, semper rutrum, nulla. Nunc purus. Phasellus in felis. Donec semper sapien a libero. Nam dui.', '2017-03-28', false);
insert into comments (comment_id, post_id, user_id, comment, creation_date, is_confirmed) values (151, 88, null, 'Sed ante. Vivamus tortor. Duis mattis egestas metus. Aenean fermentum. Donec ut mauris eget massa tempor convallis.', '2016-11-12', true);
insert into comments (comment_id, post_id, user_id, comment, creation_date, is_confirmed) values (152, 17, 2, 'Morbi ut odio. Cras mi pede, malesuada in, imperdiet et, commodo vulputate, justo. In blandit ultrices enim.', '2004-09-12', null);
insert into comments (comment_id, post_id, user_id, comment, creation_date, is_confirmed) values (153, 25, null, 'Duis bibendum. Morbi non quam nec dui luctus rutrum. Nulla tellus. In sagittis dui vel nisl. Duis ac nibh. Fusce lacus purus, aliquet at, feugiat non, pretium quis, lectus. Suspendisse potenti.', '2006-11-19', null);
insert into comments (comment_id, post_id, user_id, comment, creation_date, is_confirmed) values (154, 53, 3, 'In congue. Etiam justo. Etiam pretium iaculis justo. In hac habitasse platea dictumst. Etiam faucibus cursus urna. Ut tellus. Nulla ut erat id mauris vulputate elementum. Nullam varius. Nulla facilisi. Cras non velit nec nisi vulputate nonummy.', '2000-04-05', true);
insert into comments (comment_id, post_id, user_id, comment, creation_date, is_confirmed) values (155, 5, 2, 'In hac habitasse platea dictumst. Etiam faucibus cursus urna. Ut tellus. Nulla ut erat id mauris vulputate elementum. Nullam varius. Nulla facilisi. Cras non velit nec nisi vulputate nonummy. Maecenas tincidunt lacus at velit. Vivamus vel nulla eget eros elementum pellentesque.', '2015-05-27', null);
insert into comments (comment_id, post_id, user_id, comment, creation_date, is_confirmed) values (156, 71, null, 'Quisque id justo sit amet sapien dignissim vestibulum. Vestibulum ante ipsum primis in faucibus orci luctus et ultrices posuere cubilia Curae; Nulla dapibus dolor vel est. Donec odio justo, sollicitudin ut, suscipit a, feugiat et, eros. Vestibulum ac est lacinia nisi venenatis tristique. Fusce congue, diam id ornare imperdiet, sapien urna pretium nisl, ut volutpat sapien arcu sed augue.', '2020-04-08', false);
insert into comments (comment_id, post_id, user_id, comment, creation_date, is_confirmed) values (157, 9, 5, 'Nulla ac enim. In tempor, turpis nec euismod scelerisque, quam turpis adipiscing lorem, vitae mattis nibh ligula nec sem.', '2007-07-03', false);
insert into comments (comment_id, post_id, user_id, comment, creation_date, is_confirmed) values (158, 60, null, 'Quisque ut erat. Curabitur gravida nisi at nibh. In hac habitasse platea dictumst. Aliquam augue quam, sollicitudin vitae, consectetuer eget, rutrum at, lorem. Integer tincidunt ante vel ipsum. Praesent blandit lacinia erat. Vestibulum sed magna at nunc commodo placerat. Praesent blandit.', '2006-12-18', false);
insert into comments (comment_id, post_id, user_id, comment, creation_date, is_confirmed) values (159, 31, 2, 'Phasellus id sapien in sapien iaculis congue. Vivamus metus arcu, adipiscing molestie, hendrerit at, vulputate vitae, nisl. Aenean lectus. Pellentesque eget nunc. Donec quis orci eget orci vehicula condimentum. Curabitur in libero ut massa volutpat convallis. Morbi odio odio, elementum eu, interdum eu, tincidunt in, leo. Maecenas pulvinar lobortis est. Phasellus sit amet erat. Nulla tempus.', '2006-12-16', true);
insert into comments (comment_id, post_id, user_id, comment, creation_date, is_confirmed) values (160, 54, 2, 'Lorem ipsum dolor sit amet, consectetuer adipiscing elit. Proin risus. Praesent lectus. Vestibulum quam sapien, varius ut, blandit non, interdum in, ante.', '2003-02-04', null);
insert into comments (comment_id, post_id, user_id, comment, creation_date, is_confirmed) values (161, 88, null, 'Donec ut mauris eget massa tempor convallis. Nulla neque libero, convallis eget, eleifend luctus, ultricies eu, nibh. Quisque id justo sit amet sapien dignissim vestibulum. Vestibulum ante ipsum primis in faucibus orci luctus et ultrices posuere cubilia Curae; Nulla dapibus dolor vel est. Donec odio justo, sollicitudin ut, suscipit a, feugiat et, eros. Vestibulum ac est lacinia nisi venenatis tristique. Fusce congue, diam id ornare imperdiet, sapien urna pretium nisl, ut volutpat sapien arcu sed augue. Aliquam erat volutpat. In congue.', '2017-06-23', false);
insert into comments (comment_id, post_id, user_id, comment, creation_date, is_confirmed) values (162, 24, 2, 'Nulla ac enim. In tempor, turpis nec euismod scelerisque, quam turpis adipiscing lorem, vitae mattis nibh ligula nec sem. Duis aliquam convallis nunc. Proin at turpis a pede posuere nonummy. Integer non velit. Donec diam neque, vestibulum eget, vulputate ut, ultrices vel, augue. Vestibulum ante ipsum primis in faucibus orci luctus et ultrices posuere cubilia Curae; Donec pharetra, magna vestibulum aliquet ultrices, erat tortor sollicitudin mi, sit amet lobortis sapien sapien non mi.', '2007-05-13', true);
insert into comments (comment_id, post_id, user_id, comment, creation_date, is_confirmed) values (163, 7, 1, 'Quisque id justo sit amet sapien dignissim vestibulum. Vestibulum ante ipsum primis in faucibus orci luctus et ultrices posuere cubilia Curae; Nulla dapibus dolor vel est. Donec odio justo, sollicitudin ut, suscipit a, feugiat et, eros. Vestibulum ac est lacinia nisi venenatis tristique. Fusce congue, diam id ornare imperdiet, sapien urna pretium nisl, ut volutpat sapien arcu sed augue.', '2011-04-04', false);
insert into comments (comment_id, post_id, user_id, comment, creation_date, is_confirmed) values (164, 27, 2, 'In hac habitasse platea dictumst. Morbi vestibulum, velit id pretium iaculis, diam erat fermentum justo, nec condimentum neque sapien placerat ante. Nulla justo.', '2010-10-18', null);
insert into comments (comment_id, post_id, user_id, comment, creation_date, is_confirmed) values (165, 89, 5, 'Quisque id justo sit amet sapien dignissim vestibulum. Vestibulum ante ipsum primis in faucibus orci luctus et ultrices posuere cubilia Curae; Nulla dapibus dolor vel est. Donec odio justo, sollicitudin ut, suscipit a, feugiat et, eros. Vestibulum ac est lacinia nisi venenatis tristique. Fusce congue, diam id ornare imperdiet, sapien urna pretium nisl, ut volutpat sapien arcu sed augue. Aliquam erat volutpat. In congue. Etiam justo. Etiam pretium iaculis justo.', '2015-05-21', false);
insert into comments (comment_id, post_id, user_id, comment, creation_date, is_confirmed) values (166, 96, null, 'Vestibulum ante ipsum primis in faucibus orci luctus et ultrices posuere cubilia Curae; Nulla dapibus dolor vel est. Donec odio justo, sollicitudin ut, suscipit a, feugiat et, eros. Vestibulum ac est lacinia nisi venenatis tristique. Fusce congue, diam id ornare imperdiet, sapien urna pretium nisl, ut volutpat sapien arcu sed augue. Aliquam erat volutpat. In congue.', '2006-11-06', true);
insert into comments (comment_id, post_id, user_id, comment, creation_date, is_confirmed) values (167, 89, 3, 'Duis consequat dui nec nisi volutpat eleifend. Donec ut dolor. Morbi vel lectus in quam fringilla rhoncus.', '2002-04-24', false);
insert into comments (comment_id, post_id, user_id, comment, creation_date, is_confirmed) values (168, 71, 5, 'Pellentesque ultrices mattis odio.', '2004-08-06', true);
insert into comments (comment_id, post_id, user_id, comment, creation_date, is_confirmed) values (169, 43, 5, 'Sed vel enim sit amet nunc viverra dapibus. Nulla suscipit ligula in lacus.', '2000-01-10', false);
insert into comments (comment_id, post_id, user_id, comment, creation_date, is_confirmed) values (170, 35, 4, 'Suspendisse potenti. In eleifend quam a odio. In hac habitasse platea dictumst.', '2002-11-26', false);
insert into comments (comment_id, post_id, user_id, comment, creation_date, is_confirmed) values (171, 5, 5, 'Aenean lectus. Pellentesque eget nunc. Donec quis orci eget orci vehicula condimentum. Curabitur in libero ut massa volutpat convallis. Morbi odio odio, elementum eu, interdum eu, tincidunt in, leo. Maecenas pulvinar lobortis est. Phasellus sit amet erat. Nulla tempus.', '2022-06-24', null);
insert into comments (comment_id, post_id, user_id, comment, creation_date, is_confirmed) values (172, 3, null, 'Nulla ut erat id mauris vulputate elementum. Nullam varius. Nulla facilisi. Cras non velit nec nisi vulputate nonummy. Maecenas tincidunt lacus at velit. Vivamus vel nulla eget eros elementum pellentesque.', '2005-06-24', false);
insert into comments (comment_id, post_id, user_id, comment, creation_date, is_confirmed) values (173, 24, 3, 'Suspendisse accumsan tortor quis turpis. Sed ante. Vivamus tortor. Duis mattis egestas metus. Aenean fermentum. Donec ut mauris eget massa tempor convallis.', '2015-11-27', false);
insert into comments (comment_id, post_id, user_id, comment, creation_date, is_confirmed) values (174, 71, null, 'Proin at turpis a pede posuere nonummy. Integer non velit. Donec diam neque, vestibulum eget, vulputate ut, ultrices vel, augue. Vestibulum ante ipsum primis in faucibus orci luctus et ultrices posuere cubilia Curae; Donec pharetra, magna vestibulum aliquet ultrices, erat tortor sollicitudin mi, sit amet lobortis sapien sapien non mi. Integer ac neque. Duis bibendum.', '2020-05-15', true);
insert into comments (comment_id, post_id, user_id, comment, creation_date, is_confirmed) values (175, 88, 4, 'Nulla ac enim. In tempor, turpis nec euismod scelerisque, quam turpis adipiscing lorem, vitae mattis nibh ligula nec sem. Duis aliquam convallis nunc. Proin at turpis a pede posuere nonummy. Integer non velit. Donec diam neque, vestibulum eget, vulputate ut, ultrices vel, augue. Vestibulum ante ipsum primis in faucibus orci luctus et ultrices posuere cubilia Curae; Donec pharetra, magna vestibulum aliquet ultrices, erat tortor sollicitudin mi, sit amet lobortis sapien sapien non mi.', '2018-09-21', false);
insert into comments (comment_id, post_id, user_id, comment, creation_date, is_confirmed) values (176, 70, 1, 'Nunc nisl. Duis bibendum, felis sed interdum venenatis, turpis enim blandit mi, in porttitor pede justo eu massa. Donec dapibus.', '2005-01-19', false);
insert into comments (comment_id, post_id, user_id, comment, creation_date, is_confirmed) values (177, 44, null, 'Maecenas leo odio, condimentum id, luctus nec, molestie sed, justo. Pellentesque viverra pede ac diam. Cras pellentesque volutpat dui. Maecenas tristique, est et tempus semper, est quam pharetra magna, ac consequat metus sapien ut nunc. Vestibulum ante ipsum primis in faucibus orci luctus et ultrices posuere cubilia Curae; Mauris viverra diam vitae quam.', '2005-12-01', false);
insert into comments (comment_id, post_id, user_id, comment, creation_date, is_confirmed) values (178, 60, null, 'Morbi vel lectus in quam fringilla rhoncus. Mauris enim leo, rhoncus sed, vestibulum sit amet, cursus id, turpis. Integer aliquet, massa id lobortis convallis, tortor risus dapibus augue, vel accumsan tellus nisi eu orci. Mauris lacinia sapien quis libero. Nullam sit amet turpis elementum ligula vehicula consequat. Morbi a ipsum. Integer a nibh. In quis justo. Maecenas rhoncus aliquam lacus.', '2013-09-24', false);
insert into comments (comment_id, post_id, user_id, comment, creation_date, is_confirmed) values (179, 56, 2, 'Duis ac nibh. Fusce lacus purus, aliquet at, feugiat non, pretium quis, lectus. Suspendisse potenti. In eleifend quam a odio. In hac habitasse platea dictumst. Maecenas ut massa quis augue luctus tincidunt. Nulla mollis molestie lorem. Quisque ut erat. Curabitur gravida nisi at nibh.', '2012-05-02', false);
insert into comments (comment_id, post_id, user_id, comment, creation_date, is_confirmed) values (180, 98, 2, 'Suspendisse potenti. Nullam porttitor lacus at turpis. Donec posuere metus vitae ipsum. Aliquam non mauris. Morbi non lectus. Aliquam sit amet diam in magna bibendum imperdiet. Nullam orci pede, venenatis non, sodales sed, tincidunt eu, felis. Fusce posuere felis sed lacus. Morbi sem mauris, laoreet ut, rhoncus aliquet, pulvinar sed, nisl.', '2022-04-16', null);
insert into comments (comment_id, post_id, user_id, comment, creation_date, is_confirmed) values (181, 41, null, 'Donec semper sapien a libero. Nam dui.', '2012-09-13', false);
insert into comments (comment_id, post_id, user_id, comment, creation_date, is_confirmed) values (182, 66, 3, 'Suspendisse potenti. Nullam porttitor lacus at turpis. Donec posuere metus vitae ipsum. Aliquam non mauris. Morbi non lectus. Aliquam sit amet diam in magna bibendum imperdiet. Nullam orci pede, venenatis non, sodales sed, tincidunt eu, felis.', '2018-01-14', false);
insert into comments (comment_id, post_id, user_id, comment, creation_date, is_confirmed) values (183, 13, 1, 'Pellentesque eget nunc. Donec quis orci eget orci vehicula condimentum. Curabitur in libero ut massa volutpat convallis. Morbi odio odio, elementum eu, interdum eu, tincidunt in, leo. Maecenas pulvinar lobortis est. Phasellus sit amet erat.', '2014-12-29', null);
insert into comments (comment_id, post_id, user_id, comment, creation_date, is_confirmed) values (184, 13, null, 'Vestibulum ante ipsum primis in faucibus orci luctus et ultrices posuere cubilia Curae; Duis faucibus accumsan odio.', '2018-03-13', null);
insert into comments (comment_id, post_id, user_id, comment, creation_date, is_confirmed) values (185, 5, 1, 'Maecenas leo odio, condimentum id, luctus nec, molestie sed, justo. Pellentesque viverra pede ac diam. Cras pellentesque volutpat dui. Maecenas tristique, est et tempus semper, est quam pharetra magna, ac consequat metus sapien ut nunc. Vestibulum ante ipsum primis in faucibus orci luctus et ultrices posuere cubilia Curae; Mauris viverra diam vitae quam. Suspendisse potenti. Nullam porttitor lacus at turpis.', '2010-06-05', null);
insert into comments (comment_id, post_id, user_id, comment, creation_date, is_confirmed) values (186, 94, 1, 'Nam nulla. Integer pede justo, lacinia eget, tincidunt eget, tempus vel, pede. Morbi porttitor lorem id ligula. Suspendisse ornare consequat lectus. In est risus, auctor sed, tristique in, tempus sit amet, sem. Fusce consequat. Nulla nisl. Nunc nisl.', '2005-01-14', true);
insert into comments (comment_id, post_id, user_id, comment, creation_date, is_confirmed) values (187, 95, 3, 'Curabitur convallis. Duis consequat dui nec nisi volutpat eleifend. Donec ut dolor. Morbi vel lectus in quam fringilla rhoncus.', '2018-02-02', false);
insert into comments (comment_id, post_id, user_id, comment, creation_date, is_confirmed) values (188, 98, null, 'Pellentesque at nulla. Suspendisse potenti. Cras in purus eu magna vulputate luctus. Cum sociis natoque penatibus et magnis dis parturient montes, nascetur ridiculus mus.', '2002-02-07', false);
insert into comments (comment_id, post_id, user_id, comment, creation_date, is_confirmed) values (189, 13, 5, 'Donec quis orci eget orci vehicula condimentum.', '2006-12-15', true);
insert into comments (comment_id, post_id, user_id, comment, creation_date, is_confirmed) values (190, 23, 5, 'Donec ut mauris eget massa tempor convallis. Nulla neque libero, convallis eget, eleifend luctus, ultricies eu, nibh.', '2000-08-09', true);
insert into comments (comment_id, post_id, user_id, comment, creation_date, is_confirmed) values (191, 59, null, 'Etiam justo. Etiam pretium iaculis justo. In hac habitasse platea dictumst. Etiam faucibus cursus urna. Ut tellus. Nulla ut erat id mauris vulputate elementum. Nullam varius. Nulla facilisi.', '2015-08-12', false);
insert into comments (comment_id, post_id, user_id, comment, creation_date, is_confirmed) values (192, 88, 5, 'Aenean lectus. Pellentesque eget nunc. Donec quis orci eget orci vehicula condimentum. Curabitur in libero ut massa volutpat convallis. Morbi odio odio, elementum eu, interdum eu, tincidunt in, leo. Maecenas pulvinar lobortis est. Phasellus sit amet erat. Nulla tempus. Vivamus in felis eu sapien cursus vestibulum.', '2005-08-06', false);
insert into comments (comment_id, post_id, user_id, comment, creation_date, is_confirmed) values (193, 64, 1, 'Vestibulum ac est lacinia nisi venenatis tristique. Fusce congue, diam id ornare imperdiet, sapien urna pretium nisl, ut volutpat sapien arcu sed augue. Aliquam erat volutpat. In congue. Etiam justo. Etiam pretium iaculis justo. In hac habitasse platea dictumst.', '2017-04-12', false);
insert into comments (comment_id, post_id, user_id, comment, creation_date, is_confirmed) values (194, 48, 1, 'Nullam orci pede, venenatis non, sodales sed, tincidunt eu, felis. Fusce posuere felis sed lacus. Morbi sem mauris, laoreet ut, rhoncus aliquet, pulvinar sed, nisl. Nunc rhoncus dui vel sem.', '2022-02-28', null);
insert into comments (comment_id, post_id, user_id, comment, creation_date, is_confirmed) values (195, 85, null, 'Suspendisse accumsan tortor quis turpis. Sed ante. Vivamus tortor. Duis mattis egestas metus. Aenean fermentum. Donec ut mauris eget massa tempor convallis. Nulla neque libero, convallis eget, eleifend luctus, ultricies eu, nibh. Quisque id justo sit amet sapien dignissim vestibulum. Vestibulum ante ipsum primis in faucibus orci luctus et ultrices posuere cubilia Curae; Nulla dapibus dolor vel est.', '2009-03-04', null);
insert into comments (comment_id, post_id, user_id, comment, creation_date, is_confirmed) values (196, 31, 4, 'Cras non velit nec nisi vulputate nonummy. Maecenas tincidunt lacus at velit. Vivamus vel nulla eget eros elementum pellentesque. Quisque porta volutpat erat. Quisque erat eros, viverra eget, congue eget, semper rutrum, nulla. Nunc purus. Phasellus in felis. Donec semper sapien a libero.', '2022-09-10', true);
insert into comments (comment_id, post_id, user_id, comment, creation_date, is_confirmed) values (197, 66, 2, 'Pellentesque at nulla. Suspendisse potenti. Cras in purus eu magna vulputate luctus. Cum sociis natoque penatibus et magnis dis parturient montes, nascetur ridiculus mus.', '2017-08-24', null);
insert into comments (comment_id, post_id, user_id, comment, creation_date, is_confirmed) values (198, 93, null, 'Morbi odio odio, elementum eu, interdum eu, tincidunt in, leo. Maecenas pulvinar lobortis est.', '2015-09-09', true);
insert into comments (comment_id, post_id, user_id, comment, creation_date, is_confirmed) values (199, 31, 4, 'Integer non velit. Donec diam neque, vestibulum eget, vulputate ut, ultrices vel, augue. Vestibulum ante ipsum primis in faucibus orci luctus et ultrices posuere cubilia Curae; Donec pharetra, magna vestibulum aliquet ultrices, erat tortor sollicitudin mi, sit amet lobortis sapien sapien non mi. Integer ac neque. Duis bibendum. Morbi non quam nec dui luctus rutrum. Nulla tellus. In sagittis dui vel nisl. Duis ac nibh. Fusce lacus purus, aliquet at, feugiat non, pretium quis, lectus.', '2001-06-16', null);
insert into comments (comment_id, post_id, user_id, comment, creation_date, is_confirmed) values (200, 74, 1, 'In hac habitasse platea dictumst. Etiam faucibus cursus urna.', '2018-07-27', false);
insert into comments (comment_id, post_id, user_id, comment, creation_date, is_confirmed) values (201, 98, 3, 'Vestibulum ac est lacinia nisi venenatis tristique. Fusce congue, diam id ornare imperdiet, sapien urna pretium nisl, ut volutpat sapien arcu sed augue. Aliquam erat volutpat. In congue. Etiam justo. Etiam pretium iaculis justo. In hac habitasse platea dictumst.', '2011-04-28', false);
insert into comments (comment_id, post_id, user_id, comment, creation_date, is_confirmed) values (202, 59, 5, 'Vestibulum ante ipsum primis in faucibus orci luctus et ultrices posuere cubilia Curae; Duis faucibus accumsan odio. Curabitur convallis. Duis consequat dui nec nisi volutpat eleifend. Donec ut dolor. Morbi vel lectus in quam fringilla rhoncus. Mauris enim leo, rhoncus sed, vestibulum sit amet, cursus id, turpis. Integer aliquet, massa id lobortis convallis, tortor risus dapibus augue, vel accumsan tellus nisi eu orci.', '2011-10-26', null);
insert into comments (comment_id, post_id, user_id, comment, creation_date, is_confirmed) values (203, 35, 1, 'Sed vel enim sit amet nunc viverra dapibus. Nulla suscipit ligula in lacus. Curabitur at ipsum ac tellus semper interdum. Mauris ullamcorper purus sit amet nulla.', '2010-11-23', null);
insert into comments (comment_id, post_id, user_id, comment, creation_date, is_confirmed) values (204, 6, 2, 'Lorem ipsum dolor sit amet, consectetuer adipiscing elit. Proin risus. Praesent lectus. Vestibulum quam sapien, varius ut, blandit non, interdum in, ante. Vestibulum ante ipsum primis in faucibus orci luctus et ultrices posuere cubilia Curae; Duis faucibus accumsan odio. Curabitur convallis. Duis consequat dui nec nisi volutpat eleifend. Donec ut dolor. Morbi vel lectus in quam fringilla rhoncus. Mauris enim leo, rhoncus sed, vestibulum sit amet, cursus id, turpis.', '2019-07-20', null);
insert into comments (comment_id, post_id, user_id, comment, creation_date, is_confirmed) values (205, 31, 4, 'In tempor, turpis nec euismod scelerisque, quam turpis adipiscing lorem, vitae mattis nibh ligula nec sem. Duis aliquam convallis nunc. Proin at turpis a pede posuere nonummy. Integer non velit. Donec diam neque, vestibulum eget, vulputate ut, ultrices vel, augue. Vestibulum ante ipsum primis in faucibus orci luctus et ultrices posuere cubilia Curae; Donec pharetra, magna vestibulum aliquet ultrices, erat tortor sollicitudin mi, sit amet lobortis sapien sapien non mi. Integer ac neque. Duis bibendum. Morbi non quam nec dui luctus rutrum. Nulla tellus.', '2001-11-02', null);
insert into comments (comment_id, post_id, user_id, comment, creation_date, is_confirmed) values (206, 89, 1, 'Vestibulum ante ipsum primis in faucibus orci luctus et ultrices posuere cubilia Curae; Duis faucibus accumsan odio. Curabitur convallis. Duis consequat dui nec nisi volutpat eleifend. Donec ut dolor. Morbi vel lectus in quam fringilla rhoncus. Mauris enim leo, rhoncus sed, vestibulum sit amet, cursus id, turpis. Integer aliquet, massa id lobortis convallis, tortor risus dapibus augue, vel accumsan tellus nisi eu orci. Mauris lacinia sapien quis libero. Nullam sit amet turpis elementum ligula vehicula consequat. Morbi a ipsum.', '2000-10-04', null);
insert into comments (comment_id, post_id, user_id, comment, creation_date, is_confirmed) values (207, 69, null, 'Cum sociis natoque penatibus et magnis dis parturient montes, nascetur ridiculus mus. Vivamus vestibulum sagittis sapien. Cum sociis natoque penatibus et magnis dis parturient montes, nascetur ridiculus mus. Etiam vel augue.', '2020-02-11', null);
insert into comments (comment_id, post_id, user_id, comment, creation_date, is_confirmed) values (208, 52, 5, 'Sed vel enim sit amet nunc viverra dapibus. Nulla suscipit ligula in lacus. Curabitur at ipsum ac tellus semper interdum. Mauris ullamcorper purus sit amet nulla. Quisque arcu libero, rutrum ac, lobortis vel, dapibus at, diam. Nam tristique tortor eu pede.', '2004-02-17', false);
insert into comments (comment_id, post_id, user_id, comment, creation_date, is_confirmed) values (209, 44, 2, 'Etiam faucibus cursus urna. Ut tellus. Nulla ut erat id mauris vulputate elementum. Nullam varius. Nulla facilisi. Cras non velit nec nisi vulputate nonummy. Maecenas tincidunt lacus at velit.', '2005-07-05', null);
insert into comments (comment_id, post_id, user_id, comment, creation_date, is_confirmed) values (210, 46, 4, 'Ut tellus. Nulla ut erat id mauris vulputate elementum. Nullam varius. Nulla facilisi. Cras non velit nec nisi vulputate nonummy.', '2008-03-19', null);
insert into comments (comment_id, post_id, user_id, comment, creation_date, is_confirmed) values (211, 34, 2, 'Donec quis orci eget orci vehicula condimentum. Curabitur in libero ut massa volutpat convallis. Morbi odio odio, elementum eu, interdum eu, tincidunt in, leo. Maecenas pulvinar lobortis est.', '2007-08-13', null);
insert into comments (comment_id, post_id, user_id, comment, creation_date, is_confirmed) values (212, 24, 4, 'Quisque erat eros, viverra eget, congue eget, semper rutrum, nulla. Nunc purus. Phasellus in felis. Donec semper sapien a libero. Nam dui. Proin leo odio, porttitor id, consequat in, consequat ut, nulla. Sed accumsan felis. Ut at dolor quis odio consequat varius. Integer ac leo. Pellentesque ultrices mattis odio.', '2014-01-27', false);
insert into comments (comment_id, post_id, user_id, comment, creation_date, is_confirmed) values (213, 42, 1, 'Suspendisse potenti. Nullam porttitor lacus at turpis. Donec posuere metus vitae ipsum. Aliquam non mauris. Morbi non lectus.', '2007-02-19', true);
insert into comments (comment_id, post_id, user_id, comment, creation_date, is_confirmed) values (214, 24, null, 'Nam congue, risus semper porta volutpat, quam pede lobortis ligula, sit amet eleifend pede libero quis orci. Nullam molestie nibh in lectus.', '2010-10-19', false);
insert into comments (comment_id, post_id, user_id, comment, creation_date, is_confirmed) values (215, 72, 4, 'Etiam faucibus cursus urna. Ut tellus. Nulla ut erat id mauris vulputate elementum.', '2015-01-15', null);
insert into comments (comment_id, post_id, user_id, comment, creation_date, is_confirmed) values (216, 87, 3, 'In hac habitasse platea dictumst. Morbi vestibulum, velit id pretium iaculis, diam erat fermentum justo, nec condimentum neque sapien placerat ante. Nulla justo.', '2001-08-25', false);
insert into comments (comment_id, post_id, user_id, comment, creation_date, is_confirmed) values (217, 61, 4, 'Etiam pretium iaculis justo. In hac habitasse platea dictumst.', '2019-08-11', false);
insert into comments (comment_id, post_id, user_id, comment, creation_date, is_confirmed) values (218, 81, 3, 'Morbi vestibulum, velit id pretium iaculis, diam erat fermentum justo, nec condimentum neque sapien placerat ante. Nulla justo. Aliquam quis turpis eget elit sodales scelerisque. Mauris sit amet eros. Suspendisse accumsan tortor quis turpis. Sed ante.', '2002-01-18', false);
insert into comments (comment_id, post_id, user_id, comment, creation_date, is_confirmed) values (219, 61, 3, 'In hac habitasse platea dictumst. Morbi vestibulum, velit id pretium iaculis, diam erat fermentum justo, nec condimentum neque sapien placerat ante. Nulla justo. Aliquam quis turpis eget elit sodales scelerisque. Mauris sit amet eros. Suspendisse accumsan tortor quis turpis. Sed ante. Vivamus tortor. Duis mattis egestas metus.', '2021-01-11', true);
insert into comments (comment_id, post_id, user_id, comment, creation_date, is_confirmed) values (220, 5, 5, 'Maecenas pulvinar lobortis est. Phasellus sit amet erat. Nulla tempus. Vivamus in felis eu sapien cursus vestibulum.', '2007-11-22', true);
insert into comments (comment_id, post_id, user_id, comment, creation_date, is_confirmed) values (221, 43, 4, 'Integer a nibh. In quis justo.', '2020-08-20', false);
insert into comments (comment_id, post_id, user_id, comment, creation_date, is_confirmed) values (222, 7, 4, 'Nulla neque libero, convallis eget, eleifend luctus, ultricies eu, nibh. Quisque id justo sit amet sapien dignissim vestibulum. Vestibulum ante ipsum primis in faucibus orci luctus et ultrices posuere cubilia Curae; Nulla dapibus dolor vel est. Donec odio justo, sollicitudin ut, suscipit a, feugiat et, eros. Vestibulum ac est lacinia nisi venenatis tristique. Fusce congue, diam id ornare imperdiet, sapien urna pretium nisl, ut volutpat sapien arcu sed augue.', '2010-12-28', false);
insert into comments (comment_id, post_id, user_id, comment, creation_date, is_confirmed) values (223, 71, 4, 'Integer ac neque. Duis bibendum. Morbi non quam nec dui luctus rutrum.', '2009-11-09', false);
insert into comments (comment_id, post_id, user_id, comment, creation_date, is_confirmed) values (224, 98, null, 'In blandit ultrices enim. Lorem ipsum dolor sit amet, consectetuer adipiscing elit. Proin interdum mauris non ligula pellentesque ultrices. Phasellus id sapien in sapien iaculis congue. Vivamus metus arcu, adipiscing molestie, hendrerit at, vulputate vitae, nisl. Aenean lectus. Pellentesque eget nunc. Donec quis orci eget orci vehicula condimentum. Curabitur in libero ut massa volutpat convallis. Morbi odio odio, elementum eu, interdum eu, tincidunt in, leo.', '2012-12-01', true);
insert into comments (comment_id, post_id, user_id, comment, creation_date, is_confirmed) values (225, 96, null, 'Praesent blandit. Nam nulla. Integer pede justo, lacinia eget, tincidunt eget, tempus vel, pede. Morbi porttitor lorem id ligula. Suspendisse ornare consequat lectus. In est risus, auctor sed, tristique in, tempus sit amet, sem. Fusce consequat. Nulla nisl. Nunc nisl. Duis bibendum, felis sed interdum venenatis, turpis enim blandit mi, in porttitor pede justo eu massa.', '2022-06-21', false);
insert into comments (comment_id, post_id, user_id, comment, creation_date, is_confirmed) values (226, 15, 2, 'Morbi non lectus. Aliquam sit amet diam in magna bibendum imperdiet. Nullam orci pede, venenatis non, sodales sed, tincidunt eu, felis. Fusce posuere felis sed lacus.', '2009-10-02', true);
insert into comments (comment_id, post_id, user_id, comment, creation_date, is_confirmed) values (227, 93, 4, 'Nullam molestie nibh in lectus. Pellentesque at nulla. Suspendisse potenti. Cras in purus eu magna vulputate luctus. Cum sociis natoque penatibus et magnis dis parturient montes, nascetur ridiculus mus. Vivamus vestibulum sagittis sapien. Cum sociis natoque penatibus et magnis dis parturient montes, nascetur ridiculus mus. Etiam vel augue. Vestibulum rutrum rutrum neque.', '2021-07-27', false);
insert into comments (comment_id, post_id, user_id, comment, creation_date, is_confirmed) values (228, 88, 3, 'Fusce congue, diam id ornare imperdiet, sapien urna pretium nisl, ut volutpat sapien arcu sed augue. Aliquam erat volutpat. In congue. Etiam justo. Etiam pretium iaculis justo. In hac habitasse platea dictumst. Etiam faucibus cursus urna.', '2002-06-23', false);
insert into comments (comment_id, post_id, user_id, comment, creation_date, is_confirmed) values (229, 1, null, 'Ut at dolor quis odio consequat varius. Integer ac leo. Pellentesque ultrices mattis odio. Donec vitae nisi. Nam ultrices, libero non mattis pulvinar, nulla pede ullamcorper augue, a suscipit nulla elit ac nulla. Sed vel enim sit amet nunc viverra dapibus. Nulla suscipit ligula in lacus. Curabitur at ipsum ac tellus semper interdum. Mauris ullamcorper purus sit amet nulla. Quisque arcu libero, rutrum ac, lobortis vel, dapibus at, diam.', '2012-09-09', false);
insert into comments (comment_id, post_id, user_id, comment, creation_date, is_confirmed) values (230, 48, 3, 'Cras in purus eu magna vulputate luctus. Cum sociis natoque penatibus et magnis dis parturient montes, nascetur ridiculus mus. Vivamus vestibulum sagittis sapien.', '2021-11-13', false);
insert into comments (comment_id, post_id, user_id, comment, creation_date, is_confirmed) values (231, 40, 5, 'Nam dui. Proin leo odio, porttitor id, consequat in, consequat ut, nulla. Sed accumsan felis. Ut at dolor quis odio consequat varius. Integer ac leo. Pellentesque ultrices mattis odio. Donec vitae nisi.', '2004-02-02', true);
insert into comments (comment_id, post_id, user_id, comment, creation_date, is_confirmed) values (232, 4, 3, 'Cum sociis natoque penatibus et magnis dis parturient montes, nascetur ridiculus mus. Vivamus vestibulum sagittis sapien. Cum sociis natoque penatibus et magnis dis parturient montes, nascetur ridiculus mus.', '2013-12-30', true);
insert into comments (comment_id, post_id, user_id, comment, creation_date, is_confirmed) values (233, 31, 4, 'Cum sociis natoque penatibus et magnis dis parturient montes, nascetur ridiculus mus. Vivamus vestibulum sagittis sapien. Cum sociis natoque penatibus et magnis dis parturient montes, nascetur ridiculus mus. Etiam vel augue. Vestibulum rutrum rutrum neque. Aenean auctor gravida sem. Praesent id massa id nisl venenatis lacinia. Aenean sit amet justo. Morbi ut odio.', '2011-02-20', false);
insert into comments (comment_id, post_id, user_id, comment, creation_date, is_confirmed) values (234, 93, 1, 'Nulla suscipit ligula in lacus. Curabitur at ipsum ac tellus semper interdum.', '2020-06-30', false);
insert into comments (comment_id, post_id, user_id, comment, creation_date, is_confirmed) values (235, 43, null, 'Etiam justo. Etiam pretium iaculis justo. In hac habitasse platea dictumst. Etiam faucibus cursus urna. Ut tellus. Nulla ut erat id mauris vulputate elementum. Nullam varius. Nulla facilisi. Cras non velit nec nisi vulputate nonummy. Maecenas tincidunt lacus at velit.', '2019-11-16', true);
insert into comments (comment_id, post_id, user_id, comment, creation_date, is_confirmed) values (236, 1, null, 'Vivamus vestibulum sagittis sapien.', '2008-06-25', false);
insert into comments (comment_id, post_id, user_id, comment, creation_date, is_confirmed) values (237, 65, 2, 'Donec dapibus. Duis at velit eu est congue elementum. In hac habitasse platea dictumst. Morbi vestibulum, velit id pretium iaculis, diam erat fermentum justo, nec condimentum neque sapien placerat ante. Nulla justo. Aliquam quis turpis eget elit sodales scelerisque.', '2022-11-26', false);
insert into comments (comment_id, post_id, user_id, comment, creation_date, is_confirmed) values (238, 31, 1, 'Maecenas ut massa quis augue luctus tincidunt. Nulla mollis molestie lorem. Quisque ut erat. Curabitur gravida nisi at nibh. In hac habitasse platea dictumst. Aliquam augue quam, sollicitudin vitae, consectetuer eget, rutrum at, lorem. Integer tincidunt ante vel ipsum.', '2001-06-29', null);
insert into comments (comment_id, post_id, user_id, comment, creation_date, is_confirmed) values (239, 7, 2, 'Nullam porttitor lacus at turpis. Donec posuere metus vitae ipsum. Aliquam non mauris. Morbi non lectus. Aliquam sit amet diam in magna bibendum imperdiet. Nullam orci pede, venenatis non, sodales sed, tincidunt eu, felis. Fusce posuere felis sed lacus. Morbi sem mauris, laoreet ut, rhoncus aliquet, pulvinar sed, nisl. Nunc rhoncus dui vel sem. Sed sagittis.', '2006-10-03', true);
insert into comments (comment_id, post_id, user_id, comment, creation_date, is_confirmed) values (240, 83, 3, 'Donec dapibus. Duis at velit eu est congue elementum. In hac habitasse platea dictumst.', '2018-08-06', true);
insert into comments (comment_id, post_id, user_id, comment, creation_date, is_confirmed) values (241, 19, 1, 'Duis bibendum.', '2004-10-03', false);
insert into comments (comment_id, post_id, user_id, comment, creation_date, is_confirmed) values (242, 88, 1, 'Morbi a ipsum. Integer a nibh. In quis justo. Maecenas rhoncus aliquam lacus. Morbi quis tortor id nulla ultrices aliquet. Maecenas leo odio, condimentum id, luctus nec, molestie sed, justo. Pellentesque viverra pede ac diam. Cras pellentesque volutpat dui. Maecenas tristique, est et tempus semper, est quam pharetra magna, ac consequat metus sapien ut nunc. Vestibulum ante ipsum primis in faucibus orci luctus et ultrices posuere cubilia Curae; Mauris viverra diam vitae quam.', '2008-12-27', false);
insert into comments (comment_id, post_id, user_id, comment, creation_date, is_confirmed) values (243, 41, 2, 'Morbi non quam nec dui luctus rutrum. Nulla tellus. In sagittis dui vel nisl. Duis ac nibh. Fusce lacus purus, aliquet at, feugiat non, pretium quis, lectus. Suspendisse potenti. In eleifend quam a odio. In hac habitasse platea dictumst. Maecenas ut massa quis augue luctus tincidunt. Nulla mollis molestie lorem.', '2012-11-01', false);
insert into comments (comment_id, post_id, user_id, comment, creation_date, is_confirmed) values (244, 50, 1, 'In quis justo. Maecenas rhoncus aliquam lacus. Morbi quis tortor id nulla ultrices aliquet. Maecenas leo odio, condimentum id, luctus nec, molestie sed, justo. Pellentesque viverra pede ac diam. Cras pellentesque volutpat dui. Maecenas tristique, est et tempus semper, est quam pharetra magna, ac consequat metus sapien ut nunc.', '2006-04-06', null);
insert into comments (comment_id, post_id, user_id, comment, creation_date, is_confirmed) values (245, 71, 5, 'Vestibulum sed magna at nunc commodo placerat. Praesent blandit. Nam nulla. Integer pede justo, lacinia eget, tincidunt eget, tempus vel, pede. Morbi porttitor lorem id ligula.', '2017-07-14', true);
insert into comments (comment_id, post_id, user_id, comment, creation_date, is_confirmed) values (246, 46, 5, 'Aliquam erat volutpat.', '2010-01-31', null);
insert into comments (comment_id, post_id, user_id, comment, creation_date, is_confirmed) values (247, 27, 5, 'Nulla facilisi. Cras non velit nec nisi vulputate nonummy. Maecenas tincidunt lacus at velit.', '2013-11-30', true);
insert into comments (comment_id, post_id, user_id, comment, creation_date, is_confirmed) values (248, 13, null, 'Nullam molestie nibh in lectus. Pellentesque at nulla.', '2011-03-13', false);
insert into comments (comment_id, post_id, user_id, comment, creation_date, is_confirmed) values (249, 88, null, 'Quisque porta volutpat erat.', '2017-09-25', false);
insert into comments (comment_id, post_id, user_id, comment, creation_date, is_confirmed) values (250, 60, null, 'Nullam orci pede, venenatis non, sodales sed, tincidunt eu, felis. Fusce posuere felis sed lacus.', '2010-07-21', true);
insert into comments (comment_id, post_id, user_id, comment, creation_date, is_confirmed) values (251, 31, 3, 'Maecenas rhoncus aliquam lacus. Morbi quis tortor id nulla ultrices aliquet. Maecenas leo odio, condimentum id, luctus nec, molestie sed, justo. Pellentesque viverra pede ac diam. Cras pellentesque volutpat dui.', '2010-05-04', false);
insert into comments (comment_id, post_id, user_id, comment, creation_date, is_confirmed) values (252, 59, 2, 'In hac habitasse platea dictumst. Aliquam augue quam, sollicitudin vitae, consectetuer eget, rutrum at, lorem. Integer tincidunt ante vel ipsum. Praesent blandit lacinia erat. Vestibulum sed magna at nunc commodo placerat.', '2013-04-25', false);
insert into comments (comment_id, post_id, user_id, comment, creation_date, is_confirmed) values (253, 9, 1, 'Nullam porttitor lacus at turpis. Donec posuere metus vitae ipsum. Aliquam non mauris. Morbi non lectus. Aliquam sit amet diam in magna bibendum imperdiet. Nullam orci pede, venenatis non, sodales sed, tincidunt eu, felis.', '2005-10-27', false);
insert into comments (comment_id, post_id, user_id, comment, creation_date, is_confirmed) values (254, 87, 5, 'Praesent id massa id nisl venenatis lacinia. Aenean sit amet justo.', '2005-10-22', true);
insert into comments (comment_id, post_id, user_id, comment, creation_date, is_confirmed) values (255, 88, null, 'Nulla tempus. Vivamus in felis eu sapien cursus vestibulum. Proin eu mi. Nulla ac enim. In tempor, turpis nec euismod scelerisque, quam turpis adipiscing lorem, vitae mattis nibh ligula nec sem. Duis aliquam convallis nunc. Proin at turpis a pede posuere nonummy.', '2005-12-10', true);
insert into comments (comment_id, post_id, user_id, comment, creation_date, is_confirmed) values (256, 2, 4, 'Duis at velit eu est congue elementum. In hac habitasse platea dictumst.', '2022-02-08', false);
insert into comments (comment_id, post_id, user_id, comment, creation_date, is_confirmed) values (257, 17, 2, 'Morbi porttitor lorem id ligula. Suspendisse ornare consequat lectus.', '2004-09-15', true);
insert into comments (comment_id, post_id, user_id, comment, creation_date, is_confirmed) values (258, 95, 2, 'Nulla justo. Aliquam quis turpis eget elit sodales scelerisque. Mauris sit amet eros. Suspendisse accumsan tortor quis turpis. Sed ante. Vivamus tortor. Duis mattis egestas metus. Aenean fermentum. Donec ut mauris eget massa tempor convallis.', '2004-08-04', false);
insert into comments (comment_id, post_id, user_id, comment, creation_date, is_confirmed) values (259, 69, 3, 'Duis consequat dui nec nisi volutpat eleifend. Donec ut dolor. Morbi vel lectus in quam fringilla rhoncus. Mauris enim leo, rhoncus sed, vestibulum sit amet, cursus id, turpis.', '2004-12-25', null);
insert into comments (comment_id, post_id, user_id, comment, creation_date, is_confirmed) values (260, 50, 5, 'Duis bibendum. Morbi non quam nec dui luctus rutrum.', '2007-02-10', true);
insert into comments (comment_id, post_id, user_id, comment, creation_date, is_confirmed) values (261, 61, 2, 'Suspendisse potenti. Nullam porttitor lacus at turpis. Donec posuere metus vitae ipsum.', '2001-04-22', true);
insert into comments (comment_id, post_id, user_id, comment, creation_date, is_confirmed) values (262, 26, null, 'Integer aliquet, massa id lobortis convallis, tortor risus dapibus augue, vel accumsan tellus nisi eu orci. Mauris lacinia sapien quis libero. Nullam sit amet turpis elementum ligula vehicula consequat. Morbi a ipsum. Integer a nibh. In quis justo. Maecenas rhoncus aliquam lacus. Morbi quis tortor id nulla ultrices aliquet. Maecenas leo odio, condimentum id, luctus nec, molestie sed, justo. Pellentesque viverra pede ac diam.', '2000-10-28', true);
insert into comments (comment_id, post_id, user_id, comment, creation_date, is_confirmed) values (263, 15, 5, 'Vestibulum quam sapien, varius ut, blandit non, interdum in, ante. Vestibulum ante ipsum primis in faucibus orci luctus et ultrices posuere cubilia Curae; Duis faucibus accumsan odio. Curabitur convallis. Duis consequat dui nec nisi volutpat eleifend.', '2022-06-15', null);
insert into comments (comment_id, post_id, user_id, comment, creation_date, is_confirmed) values (264, 42, 5, 'Curabitur convallis. Duis consequat dui nec nisi volutpat eleifend. Donec ut dolor. Morbi vel lectus in quam fringilla rhoncus. Mauris enim leo, rhoncus sed, vestibulum sit amet, cursus id, turpis. Integer aliquet, massa id lobortis convallis, tortor risus dapibus augue, vel accumsan tellus nisi eu orci. Mauris lacinia sapien quis libero. Nullam sit amet turpis elementum ligula vehicula consequat. Morbi a ipsum.', '2021-07-29', null);
insert into comments (comment_id, post_id, user_id, comment, creation_date, is_confirmed) values (265, 68, 2, 'Suspendisse potenti. Nullam porttitor lacus at turpis.', '2015-09-15', true);
insert into comments (comment_id, post_id, user_id, comment, creation_date, is_confirmed) values (266, 94, 3, 'Nulla mollis molestie lorem. Quisque ut erat. Curabitur gravida nisi at nibh. In hac habitasse platea dictumst. Aliquam augue quam, sollicitudin vitae, consectetuer eget, rutrum at, lorem.', '2014-10-07', true);



-- SORGULAR

-- 1) Tm blog yazlarn balklar, yazarlar ve kategorileriyle birlikte getirin.

select posts.title, users.username, categories.name from posts
join users on users.user_id = posts.user_id
join categories on categories.category_id = posts.category_id;

-- 2) En son yaynlanan 5 blog yazsn balklar, yazarlar ve yayn tarihleriyle birlikte aln.

select posts.title, users.username, posts.creation_date from posts
join users on users.user_id = posts.user_id
where posts.is_published = true
order by posts.creation_date desc limit 5;

-- 3) Her blog yazs iin yorum saysn gsterin.

select posts.post_id, count(comment_id) as total_comment_number from posts
join comments on comments.post_id = posts.post_id
group by posts.post_id;

-- 4) Tm kaytl kullanclarn kullanc adlarn ve e-posta adreslerini gsterin.

select username, email from users;

-- 5) En son 10 yorumu, ilgili gnderi balklaryla birlikte aln.

select posts.title as post_title, comments.comment, comments.creation_date as comment_date from posts
join comments on posts.post_id = comments.post_id
order by comments.creation_date desc limit 10;

-- 6) Belirli bir kullanc tarafndan yazlan tm blog yazlarn bulun.

select users.username, posts.title from users
join posts on posts.user_id = users.user_id
where username = 'john_1';

-- 7) Her kullancnn yazd toplam gnderi saysn aln.

select users.username, count(posts.post_id) as number_of_posts from users
join posts on posts.user_id = users.user_id
group by users.username;

-- 8) Her kategoriyi, kategorideki gnderi saysyla birlikte gsterin.

select categories.name as category_name, count(posts.post_id) as number_of_posts from posts
join categories on posts.category_id = categories.category_id
group by categories.name;

-- 9) Gnderi saysna gre en popler kategoriyi bulun.

select categories.name as most_popular_category, count(posts.post_id) as number_of_posts from posts
join categories on posts.category_id = categories.category_id
group by categories.name
order by count(posts.post_id) desc limit 1;

-- 10) Gnderilerindeki toplam grntlenme saysna gre en popler kategoriyi bulun.

select categories.name as most_viewed_category, sum(posts.view_count) as total_view_count from posts
join categories on posts.category_id = categories.category_id
group by categories.name
order by total_view_count desc limit 1;

-- 11) En fazla yoruma sahip gnderiyi aln.

select posts.title, count(comments.post_id) as comment_number, posts.content from posts
join comments on comments.post_id = posts.post_id
group by posts.title, posts.content
order by comment_number desc limit 1;

-- 12) Belirli bir gnderinin yazarnn kullanc adn ve e-posta adresini gsterin.

select users.username, users.email from users
join posts on posts.user_id = users.user_id
where posts.post_id = 13;

-- 13) Balk veya ieriklerinde belirli bir anahtar kelime bulunan tm gnderileri bulun.

select * from posts
where title ilike '%sum%';

-- 14) Belirli bir kullancnn en son yorumunu gsterin.

select user_id, creation_date, comment as latest_comment from comments
where user_id = 4
order by creation_date desc limit 1;

-- 15) Gnderi bana ortalama yorum saysn bulun.

with new_table(comment_count) as (select count(comment_id) from comments group by post_id)
select avg(comment_count) as avg_comment_number from posts, new_table;

-- 16) Son 30 gnde yaynlanan gnderileri gsterin.

select * from posts
where is_published = true
	and abs(extract(day from now()::timestamp - creation_date::timestamp)) <= 30;
-- note that there are no recent posts in our case, for longer periods of time it returns correct entries

-- 17) Belirli bir kullancnn yapt yorumlar aln.

select * from comments
where user_id = 1;

-- 18) Belirli bir kategoriye ait tm gnderileri bulun.

select posts.title, posts.content from posts
join categories on categories.category_id = posts.category_id
where posts.category_id = 4;

-- 19) 5'ten az yazya sahip kategorileri bulun.

select categories.name from categories
join posts on posts.category_id = categories.category_id
group by categories.name
having count(*)<5;

-- 20) Hem bir yaz hem de bir yoruma sahip olan kullanclar gsterin.

(select user_id from comments group by user_id having count(*)=1)
intersect
(select user_id from posts group by user_id having count(*)=1);

-- 21) En az 2 farkl yazya yorum yapm kullanclar aln.

with new_table(distinct_comments) as 
	(select count(*) from comments group by user_id, post_id)
select distinct comments.user_id from comments, new_table
where comments.user_id is not null
group by (comments.user_id, distinct_comments) having distinct_comments > 1;


-- 22) En az 3 yazya sahip kategorileri grntleyin.

select categories.name from categories
join posts on posts.category_id = categories.category_id
group by categories.name
having count(*)>=3;

-- 23) 5'ten fazla blog yazs yazan yazarlar bulun.

select posts.user_id, count(*) as number_of_posts from users
join posts on posts.user_id = users.user_id
group by posts.user_id having count(*)>5;

-- 24) Bir blog yazs yazm veya bir yorum yapm kullanclarn e-posta adreslerini grntleyin. (UNION kullanarak)

(select users.email from users
join posts on users.user_id = posts.user_id
group by users.email having count(*)=1)
union
(select users.email from users
join comments on users.user_id = comments.user_id
group by users.email having count(*)=1);


-- 25) Bir blog yazs yazm ancak hi yorum yapmam yazarlar bulun.


(select users.username from users
join posts on users.user_id = posts.user_id
group by users.username having count(*)=1)
except
(select users.username from users
join comments on users.user_id = comments.user_id
group by users.username having count(*)>0);